user,score_logon,max_error_logon,mean_error_logon,score_http,max_error_http,mean_error_http,score_device,max_error_device,mean_error_device,score_file,max_error_file,mean_error_file,is_insider,threat_scenario,score_v2,anomaly_days,max_error,mean_error
U0028,0.12830399511124685,0.35100290179252625,0.04368983984625499,0.16255979767903933,0.6465044021606445,0.030053333011229758,0.9145795900935784,0.8878718018531799,0.12311818995845637,0.23120321159253146,0.599918782711029,0.04606301736655171,1,usb_exfil,0.9957041924294073,70,0.6213244721293449,0.06073109504562321
U0655,0.13540319538404488,0.43699777126312256,0.0375746751859434,0.030700787193335133,0.20086570084095,0.018534858315454567,1.1591912066292471,0.9167001843452454,0.153346300479504,0.1870574905915206,0.6335448622703552,0.03580496670414344,1,usb_exfil,0.9885955315300583,68,0.5470271296799183,0.06131520017126135
U0755,0.11972602224276316,0.3676016330718994,0.03978997995780976,0.02984462706048251,0.15231764316558838,0.023937486355645153,1.0675222519391006,0.8815616369247437,0.14794042174106659,0.2549922971486448,0.6386643052101135,0.04877721676889247,1,usb_exfil,0.9879651333016932,67,0.5100363045930862,0.0651112762058535
U0349,0.4013375826976418,0.6192320585250854,0.07918063802164614,0.08884872445522227,0.338866263628006,0.0320321037044181,0.14834942451166513,0.5471530556678772,0.03312376048242145,0.26971597345267434,0.609184980392456,0.05409038579628982,1,sabotage,0.9873375783260733,67,0.5286090895533562,0.049606722001193884
U0026,0.44913829310520254,0.6981810927391052,0.07744394274102862,0.09893887433612375,0.3364779055118561,0.035398582180844816,0.038395785995749665,0.3813856840133667,0.012119777028219423,0.23132801464290423,0.6144880056381226,0.045320039007927575,1,sabotage,0.9843824886006618,69,0.5076331719756126,0.04257058523950511
U0090,0.11294753562994214,0.38211774826049805,0.03584471183951203,0.02700617484077601,0.14968299865722656,0.021879437055665484,1.1644230600799117,0.8920937180519104,0.15828722306212192,0.19140559632548923,0.5368831753730774,0.043233498524139526,1,usb_exfil,0.9835658359327063,68,0.4901944100856781,0.06481121762035974
U0715,0.3230687988763391,0.5236077904701233,0.07427871331555766,0.09183675638632359,0.305066853761673,0.03624073256688409,0.08686893988312866,0.5143892168998718,0.020330502838908655,0.3765304246063963,0.8257460594177246,0.05489452339736462,1,sabotage,0.9811236066846314,69,0.5422024801373482,0.04643611802967876
U0096,0.18662522950648566,0.4849289357662201,0.04633057713078376,0.09359044856872394,0.355040043592453,0.0317343527722154,0.7824078748508527,0.8860536217689514,0.10630376893770543,0.13520730185151844,0.4047417938709259,0.04021587743916304,1,usb_exfil,0.9614206746948653,69,0.5326910987496376,0.05614614406996691
U0115,0.26297685603949766,0.4777074456214905,0.0667576533862172,0.15757315988256235,0.5228485465049744,0.036547012587615266,0.23497838325134426,0.6708067059516907,0.04247917361756075,0.23463312163291156,0.7345795631408691,0.03873432754250965,1,sabotage,0.9605346654607642,68,0.6014855653047562,0.04612954178347571
U0518,0.07213707288161283,0.2443326711654663,0.03580325540620192,0.02531808985489886,0.1661500483751297,0.018478895455449916,1.1138826163257411,0.8854960203170776,0.1525451331056983,0.17288028012028847,0.49343135952949524,0.04248780097338353,1,usb_exfil,0.9405422109531707,68,0.4473525248467922,0.06232877123518342
U0430,0.13156656130948624,0.3763843774795532,0.04208132342491841,0.2723278124144042,0.7072177529335022,0.046356890618909574,0.11707415057399209,0.5274000763893127,0.026723681171289714,0.2934215116081224,0.7599362134933472,0.04648258414516127,1,cloud_exfil,0.938437223939875,69,0.5927346050739288,0.040411119840069745
U0095,0.2469334836610779,0.45589107275009155,0.06520701953353558,0.22462512655956723,0.6275843977928162,0.043088527344651455,0.09442196629249291,0.5471530556678772,0.020774934626440856,0.2063778226383298,0.4692527651786804,0.05294581530454812,1,sabotage,0.9381871325596377,69,0.5249703228473663,0.045504074202294006
U0204,0.11576799738624148,0.3287893533706665,0.04301633179397571,0.05315045387778786,0.24865783751010895,0.026113640666044918,0.8767688041592046,0.9064049124717712,0.11817495267205774,0.19036114223618864,0.5300742983818054,0.043873689113060034,1,usb_exfil,0.9319326630368656,67,0.503481600433588,0.0577946535612846
U0914,0.1513693150099914,0.3865932822227478,0.04783503997027561,0.25704811613576295,0.8017698526382446,0.03916763073319279,0.10273448920783738,0.5471530556678772,0.022938765182312745,0.2626591648679508,0.7294399738311768,0.043991178682559355,1,cloud_exfil,0.9116134463659261,67,0.6162390410900116,0.03848315364208513
U0345,0.3190424629515769,0.5052701830863953,0.07601517041515815,0.06843218318085974,0.26077893376350403,0.03159099790714142,0.06802368766122609,0.5471530556678772,0.014966725643413762,0.27945745890948687,0.8132938146591187,0.04136601555994961,1,sabotage,0.8938450462577388,69,0.5316239967942238,0.04098472738141574
U0226,0.12539828145044332,0.3631640076637268,0.04156848908298032,0.2283021764717231,0.6493973135948181,0.042322861059808245,0.286838249940682,0.897140622138977,0.038490362117822835,0.219556947896468,0.5186145305633545,0.05096569593742838,1,cloud_exfil,0.8902008084075207,69,0.6070791184902191,0.04333685204950995
U0693,0.10646492876008926,0.378490686416626,0.034111193442754484,0.02432414605182609,0.1679462492465973,0.01756357165646621,0.8553900007535655,0.9101667404174805,0.1139695284775157,0.1753066509328226,0.5187384486198425,0.04098222164767448,1,usb_exfil,0.8365822534674169,68,0.49383553117513657,0.051656628806102715
U0617,0.16700254270523285,0.41635867953300476,0.04864083309503792,0.2815573994371021,0.7262012362480164,0.047017063898773116,0.02499167806970314,0.4176695942878723,0.007256180895423955,0.19347496995180913,0.4651201665401459,0.050443494113792176,1,cloud_exfil,0.8346838106997274,68,0.5063374191522598,0.0383393930007568
U0217,0.2560516845701805,0.5143734216690063,0.06271607094814022,0.1936579796606354,0.6551686525344849,0.03724020064315222,0.11903365620310032,0.9338813424110413,0.016058604412209538,0.12689636355990572,0.5124108195304871,0.031200432251901635,0,normal,0.8211033869662775,63,0.6539585590362549,0.0368038270638509
U0031,0.33813506561715256,0.537047803401947,0.07635242055424468,0.18827200886209383,0.6923221945762634,0.032977903715886096,0.0590703374896453,0.4033317267894745,0.017760394574211472,0.045494496747232535,0.4222433865070343,0.01306596687704384,1,flight_risk,0.8108382322764074,68,0.5137362778186798,0.03503917143034652
U0605,0.11694759696321504,0.4142155051231384,0.03423816609368407,0.19685353462665853,0.6429400444030762,0.03712943024540875,0.15099640324218963,0.6217902898788452,0.029448841220822513,0.292001686571751,0.7443524599075317,0.047572094793064054,1,cloud_exfil,0.8040645551144024,68,0.6058245748281479,0.037097133088244846
U0433,0.2543994596282235,0.4570416808128357,0.06800220183868078,0.0976208029023423,0.32675307989120483,0.03649936292005725,0.10198600732299933,0.5471530556678772,0.022771642628515054,0.2442238331314406,0.6049410700798035,0.049321647128866726,1,sabotage,0.7781805328556561,67,0.4839722216129303,0.04414871362902995
U0734,0.2576167838611759,0.5331194400787354,0.05775646640649938,0.23723353327811006,0.7666872143745422,0.03698357045106024,0.1037110815026036,0.4176695942878723,0.029678591262615683,0.04186263727644169,0.4348088204860687,0.011507453247856705,1,flight_risk,0.7505353123297118,70,0.5380712673068047,0.033981520342008
U0390,0.13455002711921332,0.4046277403831482,0.040324935328350325,0.21811456598514345,0.7276163697242737,0.03635195330389669,0.04585856108425057,0.4176695942878723,0.013314752771026072,0.2558899038517234,0.6388169527053833,0.048576057279265346,1,cloud_exfil,0.7132230546277054,68,0.5471826642751694,0.03464192467063461
U0951,0.1565621899794378,0.38633036613464355,0.0523181545804069,0.20623426677077755,0.6593471765518188,0.040380440382343605,0.3562050360955455,0.9103736281394958,0.05051318601472303,0.07075234988966067,0.4616084396839142,0.019787526199718287,0,normal,0.7034054279530653,60,0.6044149026274681,0.040749826794297964
U0891,0.29139264571499685,0.5615377426147461,0.06292818104300082,0.05695017319552155,0.22032678127288818,0.03134536294703928,0.08478223685873153,0.5143892168998718,0.019987503754878965,0.22217955972609146,0.5029618144035339,0.05356913471887444,1,sabotage,0.697512647079353,68,0.44980388879776,0.041957545615948375
U0559,0.20173509565358427,0.347392201423645,0.06990960501723853,0.2740371507148489,0.7257567048072815,0.045456274737084044,0.081991168736591,0.4033317267894745,0.02447260192602171,0.05839962356831047,0.5096037983894348,0.013795989208436416,1,flight_risk,0.6871989279858478,69,0.49652110785245895,0.03840861772219518
U0308,0.20507482959428916,0.4361153841018677,0.05924349588866111,0.23523184180097015,0.668960690498352,0.04430219412696199,0.042944171035032626,0.5471530556678772,0.009888379376322504,0.11954897068915987,0.5071355104446411,0.02969966460292949,0,normal,0.6694325375313704,63,0.5398411601781845,0.03578343349871878
U0160,0.22046415389524646,0.4135206937789917,0.06465264274255092,0.10876398166952789,0.3496508002281189,0.037722121983488885,0.15510700960995255,0.5471530556678772,0.03437701309859917,0.1912512377580066,0.484586238861084,0.04786066417984651,1,sabotage,0.6290825591469873,68,0.44872769713401794,0.04615311050112138
U0981,0.25738450854799433,0.4335368573665619,0.07253021712209891,0.23887543216040927,0.7882450819015503,0.03702310295042779,0.08518960583394014,0.5143892168998718,0.020232863496613702,0.002017198617677244,0.0389992780983448,0.006319092206180996,1,flight_risk,0.6212676952053491,67,0.4437926085665822,0.03402631894383035
U0033,0.05052500910960906,0.234862819314003,0.026281777196779887,0.04320093658266929,0.1633693128824234,0.03230615545145332,0.8413146512214307,0.9263940453529358,0.11094948632726029,0.14293114574182803,0.4124004542827606,0.042341899663661836,1,usb_exfil,0.6106205151005154,67,0.4342566579580307,0.05296982965978884
U0221,0.2625344406933935,0.43891772627830505,0.07200764679809117,0.198015350559842,0.744985818862915,0.03199825593674919,0.08629204411752475,0.5143892168998718,0.020195488171800433,0.04357148623591094,0.4133033752441406,0.012691380847365468,1,flight_risk,0.6071563042067306,69,0.5278990343213081,0.03422319293850157
U0229,0.13136856350401732,0.4344332218170166,0.036403561679600134,0.038789201109370446,0.17841944098472595,0.026172434126541095,0.639132470334587,0.9338813424110413,0.08239002556513077,0.13700137259312511,0.4653143286705017,0.035444915613642596,1,usb_exfil,0.5907523882691651,69,0.5030120834708214,0.045102734246228654
U0639,0.17181371844257917,0.40403953194618225,0.05444638630555361,0.24000559635246196,0.6465045809745789,0.047531863853276526,0.06374461340602812,0.5083986520767212,0.01605366454001699,0.12096707533049712,0.5110747218132019,0.030305249386968127,0,normal,0.5874560795805948,61,0.517504371702671,0.037084291021453816
U0251,0.2572386611841934,0.42340728640556335,0.07313973251664233,0.17812555574383926,0.7125746607780457,0.030093403772153197,0.2085558391789757,0.5143892168998718,0.0488096791120462,0.001999634533379505,0.0468890480697155,0.005133985846817307,1,flight_risk,0.577040083981011,69,0.4243150530382991,0.03929420031191476
U0778,0.2752114233629234,0.3941836357116699,0.08405108426349993,0.1718561396496577,0.6422202587127686,0.032214879084037515,0.08091072463473847,0.4033317267894745,0.024150112579725144,0.03855201102706955,0.39205101132392883,0.011838043013823693,1,flight_risk,0.5305591935494518,69,0.45794665813446045,0.038063529735271565
U0256,0.18843391606298412,0.4375894069671631,0.055134997104836596,0.19148307610805573,0.6772896647453308,0.036198537938781875,0.15233835275808302,0.7504205107688904,0.025991996622369548,0.09171416490809052,0.4946293830871582,0.023740594315671337,0,normal,0.516540433006516,61,0.5899822413921356,0.03526653149541484
U0285,0.09333459525866773,0.3595762252807617,0.031477281876601974,0.20656598093666909,0.7269136905670166,0.034460493692613586,0.11993584647397758,0.5143892168998718,0.0282750051256324,0.21745354816514678,0.6549113988876343,0.04026516587601116,1,cloud_exfil,0.5001990084214337,68,0.5639476329088211,0.03361948664271478
U0224,0.12354348588762099,0.33031633496284485,0.044387493902550104,0.2362414652970621,0.6560180187225342,0.04273770383096376,0.22572763469478765,0.5143892168998718,0.05207912759481549,0.07432901685782853,0.4460199773311615,0.019777659827321284,1,email_exfil,0.4850774845786308,71,0.4866858869791031,0.03974549628891266
U0039,0.24544488637367548,0.523518443107605,0.0595423755388061,0.15629380804655327,0.6688374876976013,0.02967736383853839,0.06398292432531621,0.5143892168998718,0.01579706426221697,0.0847558943688781,0.48059266805648804,0.022397364887799465,0,normal,0.45085309997049866,62,0.5468344539403915,0.03185354213184023
U0719,0.08110431816043895,0.3095765709877014,0.03200652249924771,0.24018823637832198,0.7906445860862732,0.03711359553413623,0.06915398555663071,0.5471530556678772,0.015440842197554658,0.1870448471459239,0.5192264318466187,0.04401001883563177,1,cloud_exfil,0.4055434312744083,67,0.5416501611471176,0.0321427447666426
U0654,0.19416997303111969,0.5207942128181458,0.04735001009542048,0.16536062228914675,0.6717736721038818,0.031261749162900566,0.09683347650687706,0.6708067059516907,0.01833294703993165,0.09104592072787658,0.47941988706588745,0.02411840603037083,0,normal,0.34203585927111185,62,0.5856986194849014,0.03026577808215588
U0647,0.15938421868432723,0.42179134488105774,0.048783395874465896,0.14899467853039208,0.6414487957954407,0.029987008181281756,0.24801813449525742,0.7658694982528687,0.04180738827562891,0.0775618785813001,0.4699975550174713,0.021304782038335666,0,normal,0.33349341102178326,60,0.5747767984867096,0.035470643592428054
U0497,0.15791773189026265,0.42698514461517334,0.04697018680525939,0.17096639313218423,0.6361616253852844,0.03413087613922295,0.16763752241022586,0.9338813424110413,0.0227973144651661,0.08885132083727956,0.5068309903144836,0.022264086541881514,0,normal,0.32030403631419807,62,0.6259647756814957,0.03154061598788249
U0760,0.13740770130639052,0.4426717758178711,0.037922052942868406,0.20936813112307912,0.5868346095085144,0.04358704791908411,0.02511980145691544,0.4176695942878723,0.007347607363098816,0.14174075185791263,0.44430580735206604,0.03897403232320276,1,cloud_exfil,0.31644901339641274,67,0.47287044674158096,0.03195768513706353
U0189,0.14115164637921523,0.4223334789276123,0.042792289272629055,0.19828002026543545,0.6641147136688232,0.038227063224618836,0.06170169948603975,0.3938570022583008,0.02005827760697938,0.12806004267345406,0.5155056118965149,0.031806459385885534,0,normal,0.3069208227256035,61,0.4989527016878128,0.033221022372528206
U0473,0.1496073757397204,0.42596563696861267,0.045342223599163844,0.1752644210963478,0.662580668926239,0.03414910897762222,0.1576313714155785,0.6217902898788452,0.03272827330317038,0.09250976403369446,0.5133089423179626,0.023266610412444304,0,normal,0.29952191406099427,60,0.5559113845229149,0.033871554073100184
U0445,0.07993889557390985,0.2987672984600067,0.0345421573766392,0.1705136082542146,0.665580153465271,0.033073720804926175,0.3640493902708472,0.9323806166648865,0.05040706912016806,0.08488785722453479,0.5060521960258484,0.021655819953472624,0,normal,0.29640791683085344,60,0.6006950661540031,0.034919691813801515
U0155,0.17395256891586827,0.38691282272338867,0.05756424411972193,0.19338925234575546,0.6443939805030823,0.03842518277960168,0.022757129387764616,0.38686245679855347,0.0075317513804546874,0.10479057106599791,0.44535306096076965,0.0301267891518066,0,normal,0.29481289046462733,61,0.4658805802464485,0.03341199185789622
U0598,0.1644415939705309,0.42667844891548157,0.04934532943178831,0.16643350923480374,0.6719819903373718,0.03171160469346582,0.13596166276056684,0.5003236532211304,0.034793691999721724,0.08571131245426954,0.485323429107666,0.022612155860218485,0,normal,0.2755085744067648,61,0.5210768803954124,0.03461569549629858
U0646,0.1936723144272333,0.479483425617218,0.05171648808658067,0.14250887224940023,0.6483698487281799,0.02814194923061331,0.12873561556798108,0.6217902898788452,0.026508787322453545,0.07890444969812672,0.4645739793777466,0.021746115797750612,0,normal,0.27222773736747663,61,0.5535543859004974,0.032028335109349534
U0282,0.24133040178712034,0.42110055685043335,0.06949791312968714,0.1544162587455115,0.6145797967910767,0.03046914658288562,0.04501897233005634,0.4176695942878723,0.013070983310599867,0.04035633793403098,0.42519301176071167,0.011509890066721089,1,flight_risk,0.2704460005848961,68,0.4696357399225235,0.031136983272473433
U0409,0.15238387797622313,0.44515421986579895,0.04419294073039358,0.15299088820546364,0.63214111328125,0.031244667247665347,0.17899277295092073,0.6942182183265686,0.033286172869460035,0.09158582992538068,0.5165948867797852,0.02288772131554803,0,normal,0.26109599798357636,60,0.5720271095633507,0.03290287554076675
U0326,0.12053052825704175,0.4121888279914856,0.037136844466732,0.2072262361194505,0.6749833822250366,0.03899023146049461,0.10145676279847694,0.40251222252845764,0.03201150434512284,0.10586870105828547,0.48604851961135864,0.027662543835126306,0,normal,0.26065999487821845,62,0.4939332380890846,0.03395028102686894
U0171,0.15218863014136141,0.4337577819824219,0.0445593742839666,0.1716213824429574,0.6532248258590698,0.03336667025405771,0.16501844093519014,0.5143892168998718,0.04074222838971764,0.07371444020604088,0.4724155068397522,0.01981675692769063,0,normal,0.25873165468763426,62,0.5184468328952789,0.03462125746385815
U0543,0.15409024322253975,0.43136364221572876,0.04573689583334957,0.19110534103575902,0.6537930369377136,0.037425500460112296,0.06551823799559936,0.5143892168998718,0.01630817773011437,0.0836029494133501,0.4828023910522461,0.02217110145776956,0,normal,0.22414296100826883,61,0.5205870717763901,0.030410418870336447
U0840,0.13497426463570533,0.33335375785827637,0.051422095435863145,0.18687739648084645,0.658933699131012,0.03601796829913485,0.10978212077805778,0.49822455644607544,0.02798405478167678,0.08940637263398561,0.49339669942855835,0.02301316707690427,0,normal,0.21776937068115587,62,0.49597717821598053,0.03460932139839476
U0575,0.17425030016122864,0.36853545904159546,0.05692063143642635,0.20700508599879644,0.677543044090271,0.03678066521149009,0.11378001724779094,0.7165996432304382,0.019114584510174136,0.003207433666803611,0.05267000198364258,0.007331111138254515,1,flight_risk,0.2129013819987007,69,0.4538370370864868,0.030036748074086274
U0967,0.12144846716594808,0.4025059640407562,0.03831985642948659,0.14052361549374334,0.6528067588806152,0.027338131493664722,0.23573986072023348,0.6239722371101379,0.04798128902198626,0.09823684789151238,0.5073763132095337,0.02458942570535049,0,normal,0.20915266970505456,62,0.5466653183102608,0.034557175662622015
U0344,0.17043031924870383,0.3817623555660248,0.05715955490220532,0.13340922082513032,0.667454183101654,0.02559171973325833,0.122998835287749,0.6369830369949341,0.024723401081320814,0.09071947942528986,0.4957679212093353,0.023429186516176606,0,normal,0.19182849967850998,61,0.5454918742179871,0.03272596555824027
U0783,0.20391208385572687,0.4341243505477905,0.059177762636820605,0.0765356268992394,0.6105586886405945,0.015793047922392372,0.2357131228207815,0.6748208999633789,0.0440073241424259,0.054861636883367204,0.48786166310310364,0.014167779681063138,0,normal,0.18455316105026717,63,0.5518414005637169,0.0332864785956755
U0150,0.12889140899248977,0.37793612480163574,0.043312147839456416,0.19803892277390822,0.6508579850196838,0.038642789859152794,0.024101598248281036,0.40251222252845764,0.007604504576809104,0.11087494668154935,0.4728519916534424,0.02977915406564748,0,normal,0.1811037887558828,62,0.4760395810008049,0.029834649085266444
U0878,0.16598135863769187,0.4205450117588043,0.05053379470158032,0.11642881484302121,0.6388278007507324,0.023335212038779127,0.2226634719514683,0.6974112391471863,0.040878515606593405,0.058077608325376874,0.48922714591026306,0.015199638503522468,0,normal,0.17663958222065962,61,0.5615027993917465,0.032486790212618834
U0829,0.03155313811218591,0.1698155254125595,0.022700099661078502,0.22478056038804667,0.739949643611908,0.037112412178023295,0.08025703791405651,0.40104392170906067,0.02444858828893126,0.1778892185962838,0.5488574504852295,0.03959612277044267,1,cloud_exfil,0.1733940508713816,67,0.4649166353046894,0.030964305724618932
U0782,0.16419854771002382,0.33120059967041016,0.060120660165680684,0.11387816663581085,0.38669121265411377,0.03571261955170555,0.03942483314568639,0.38686245679855347,0.012358302519286928,0.15900560784111165,0.5055618286132812,0.03814026524491149,1,sabotage,0.1710359781610797,68,0.40257902443408966,0.03658296187039616
U0239,0.17572833945823915,0.36730363965034485,0.05844928084487906,0.19711918591384867,0.6384096145629883,0.0377217712041304,0.09552473177301589,0.5471530556678772,0.0213289559148113,0.0013263106231617854,0.03575287014245987,0.004532073403614918,1,flight_risk,0.16875995870956953,67,0.39715479500591755,0.03050802034185892
U0348,0.15255836356084776,0.3961710035800934,0.048515784821329504,0.15406954958049948,0.652616024017334,0.029743276276248152,0.08743671301560141,0.5019669532775879,0.02194564864002464,0.0927842150867982,0.5208120942115784,0.022445162947521552,0,normal,0.1645736525567684,63,0.5178915187716484,0.030662468171280963
U0537,0.16381166724760243,0.4452446401119232,0.047106540722683304,0.13700367482834017,0.6533389091491699,0.026849040855695682,0.16755851401639743,0.7165996432304382,0.02993815241679244,0.05412469190501244,0.4734865128993988,0.014636017056560735,0,normal,0.16020188997975754,61,0.5721674263477325,0.02963243776293304
U0759,0.14003381085670566,0.4008970856666565,0.04235898570561189,0.17106724666949563,0.5964012742042542,0.03478354539868178,0.13287953579318731,0.5471530556678772,0.029450645422056207,0.05694204033778188,0.4944932460784912,0.01396426892954557,1,email_exfil,0.15341935995263561,68,0.5097361654043198,0.03013936136397386
U0427,0.13669849074072268,0.4137526750564575,0.04301271922853075,0.13965998352434306,0.6311641335487366,0.028807373860748782,0.20262970250189996,0.5143892168998718,0.05128439600674151,0.06428564495738637,0.5173717737197876,0.016176526308207307,0,normal,0.15088206789408357,59,0.5191694498062134,0.03482025385105709
U0677,0.16715664426568613,0.4305070638656616,0.04971396984675251,0.1064116979961208,0.6342412829399109,0.02148176437937063,0.18786113710879904,0.5471530556678772,0.04396055839749694,0.06981499050706647,0.5351275205612183,0.016704230699431832,0,normal,0.14509947370291215,61,0.536757230758667,0.03296513083076298
U0410,0.16148938405808352,0.44271570444107056,0.046325829598595374,0.12581244852881268,0.6650344729423523,0.024026118331386397,0.1427871121045886,0.40251222252845764,0.04505200179353837,0.0735373370207983,0.45656076073646545,0.020455658795189294,0,normal,0.14091819498434557,62,0.4917057901620865,0.03396490212967736
U0213,0.15508557551429375,0.45240578055381775,0.043891289777818324,0.16660356283225725,0.6284002065658569,0.03394556549769508,0.043520631922463984,0.4033317267894745,0.013815540791733465,0.07659021563932121,0.4904135465621948,0.019996128395288373,0,normal,0.13326784465959535,61,0.493637815117836,0.02791213111563381
U0192,0.19549750796404283,0.4256916642189026,0.05832439398410873,0.13972242700962154,0.6736872792243958,0.02633976701389704,1.0065135269191345e-05,0.0011306075612083077,0.0011306075612083077,0.07646143448152426,0.45987391471862793,0.021115813658862833,0,normal,0.12998050944978806,62,0.39009586643078364,0.026727645554519227
U0186,0.14367058936409996,0.4382480978965759,0.04197424720971822,0.1689176235627381,0.6405841112136841,0.033762444475364015,0.04474633604435543,0.4033317267894745,0.014204638204766347,0.0862476488908508,0.48889967799186707,0.022587210347305924,0,normal,0.12944140785220212,61,0.4927659034729004,0.028132135059288625
U0471,0.16815285620201764,0.42269906401634216,0.05011903352352412,0.13906733909751112,0.6249025464057922,0.028037712353233518,0.0669746332226736,0.4176695942878723,0.02020259737776267,0.07782391120139083,0.4982454478740692,0.0196788374821139,0,normal,0.1270980020982215,63,0.490879163146019,0.02950954518415855
U0697,0.12582522368793084,0.36045730113983154,0.043978823762751335,0.1538558135433521,0.6840104460716248,0.02833876383969226,0.11806494235622436,0.9323806166648865,0.015953554060413606,0.08697027512019771,0.5018699169158936,0.02183279843063521,0,normal,0.12247335210025113,63,0.6196795701980591,0.027525985023373105
U0788,0.13247166444107922,0.44667282700538635,0.03797244329427008,0.16569047175261306,0.6517746448516846,0.032548813006743615,0.0590023652405689,0.38686245679855347,0.019527557201027015,0.09349852609515232,0.5095329880714417,0.023494572166678378,0,normal,0.12232765306039012,61,0.4987107291817665,0.02838584641717977
U0539,0.13084303481220527,0.4192996025085449,0.03995408972028456,0.15653045053074516,0.6445313692092896,0.031094949691950965,0.09916091745638456,0.5471530556678772,0.023204210139887375,0.08422066003306351,0.48581135272979736,0.022196579960370295,0,normal,0.11939370758830173,61,0.5241988450288773,0.0291124573781233
U0384,0.16810485765747513,0.45458871126174927,0.04734746143670415,0.14494435198015224,0.6433291435241699,0.028847165993090024,0.02458195534875018,0.4033317267894745,0.007803494385519966,0.08647169432996434,0.49797990918159485,0.022232957073941583,0,normal,0.11845232568997335,61,0.49980737268924713,0.026557769722313933
U0542,0.15663341252435684,0.5163718461990356,0.03883800710763517,0.11052855861867034,0.6267592906951904,0.02257921342229789,0.18853310505012938,0.6217902898788452,0.038822077037232214,0.06000376938335764,0.49572357535362244,0.015497942397792404,0,normal,0.1180278449591774,61,0.5651612505316734,0.028934309991239422
U0672,0.10680469522781985,0.33239609003067017,0.041140495779875545,0.14695819175331779,0.655448853969574,0.028707149671129792,0.18262124358832071,0.6217902898788452,0.03760472721931692,0.08126992402919417,0.4726468324661255,0.022015481307234352,0,normal,0.11331406863204892,61,0.5205705165863037,0.03236696349438915
U0199,0.12203543980713462,0.40900564193725586,0.03884460110208947,0.101780481742806,0.6355423331260681,0.02084942164595524,0.31210915975636083,0.7678738832473755,0.052916439147508244,0.04806860894537034,0.44489145278930664,0.014066352166861118,0,normal,0.11046315535713547,59,0.5643283277750015,0.03166920351560352
U0292,0.12128508589848168,0.3941510021686554,0.03972547874999085,0.16018398685188084,0.6420214176177979,0.03221023974082679,0.12750249509436468,0.5471530556678772,0.03008390644293589,0.0703315341047367,0.4617776572704315,0.019662627385870716,0,normal,0.11002202565675116,60,0.5112757831811905,0.030420563079906062
U0164,0.12034774259129989,0.3289980888366699,0.04435985490721685,0.15536960254152063,0.624709963798523,0.030160126977106676,0.20262126477978162,0.6217902898788452,0.039517242307363844,0.03777786760925828,0.3825494647026062,0.011975547711554376,1,email_exfil,0.11000648273055254,68,0.48951195180416107,0.03150319297581043
U0664,0.11688217393047408,0.41278234124183655,0.03625452780952251,0.1535608594849729,0.6584650278091431,0.029859525560055535,0.12691738310951997,0.5471530556678772,0.029699378582022963,0.0837566300243548,0.4906914234161377,0.02185474836171677,0,normal,0.10776726142566927,61,0.5272729620337486,0.029417045078329443
U0054,0.11377700622929732,0.36687272787094116,0.039386122606271654,0.18643226600460994,0.6572896838188171,0.0360220493983066,0.041812803973577915,0.38686245679855347,0.013726406689402797,0.08803709107976695,0.5020689368247986,0.022269295962756116,0,normal,0.10517916206183231,62,0.4782734513282776,0.02785096866418429
U0592,0.11683771691868557,0.35428857803344727,0.041882255898423364,0.11693538172501242,0.664474606513977,0.022349700326102603,0.20239867885804133,0.6507595181465149,0.039499472851128946,0.08944463221493593,0.4654906392097473,0.02440323970868011,0,normal,0.10484926359249333,62,0.5337533354759216,0.032033667196083755
U0774,0.11478288700716341,0.43111470341682434,0.03381337057591384,0.15300557930589023,0.6374809145927429,0.030482054534918607,0.16160229572933202,0.6217902898788452,0.033007128633588796,0.06596802319507399,0.48378029465675354,0.017317669645205657,0,normal,0.10429325906674702,62,0.5435415506362915,0.028655055847406723
U0158,0.09943088971758209,0.27453088760375977,0.04563098425945547,0.172765243390438,0.6437922716140747,0.033809624134745614,0.09840608882960186,0.5471530556678772,0.02265911102331879,0.09362018641789006,0.48654356598854065,0.024242504951274217,0,normal,0.10242489796068291,63,0.4880049452185631,0.03158555609219852
U0485,0.12294222903174037,0.40980759263038635,0.03841104874651942,0.1762327758048346,0.6624308824539185,0.03406286656258701,0.04107497205415369,0.38686245679855347,0.013594266315387776,0.08527515271573424,0.5011273622512817,0.021787603934604167,0,normal,0.10074997731244897,61,0.490057073533535,0.026963946389774597
U0336,0.15368712588557412,0.375319242477417,0.05242902003732763,0.07279756540362779,0.6681777834892273,0.013949540633210397,0.27275795882469234,0.8607037663459778,0.040575026379913455,0.05321573221989298,0.4640982151031494,0.014681324114261486,0,normal,0.09879414896832757,61,0.5920747518539429,0.030408727791178237
U0396,0.13763793605146113,0.4385128319263458,0.03986208403934612,0.1647507717971279,0.6431046724319458,0.032534935351179226,0.04353151332462312,0.4033626914024353,0.013706046291777203,0.07576722812149836,0.4606809914112091,0.020887442228528133,0,normal,0.09763182248584037,62,0.486415296792984,0.02674762697770767
U0779,0.09505040544511108,0.41480064392089844,0.029582776106569023,0.1360055493089691,0.6444988250732422,0.027243247361263913,0.26530717289793493,0.9338813424110413,0.03667597497308937,0.05436833479021489,0.47889241576194763,0.014656573395404849,0,normal,0.09711382012865566,60,0.6180183067917824,0.02703964295908179
U0376,0.12334443330064362,0.42331358790397644,0.03761678888269368,0.14521396114968022,0.6663976907730103,0.028131912868082053,0.10875086790438675,0.4176695942878723,0.03361431348603219,0.0828330791240824,0.4807601869106293,0.02224332385093343,0,normal,0.09333414105196933,60,0.49703526496887207,0.03040158477193534
U0983,0.15406038621469378,0.4730645716190338,0.04169707975525909,0.0963961568893388,0.6524919867515564,0.01891557814691191,0.1914683983663853,0.49822455644607544,0.04920475318890492,0.05931599798464242,0.5024386048316956,0.015115548922845161,0,normal,0.09257942628528917,61,0.5315549299120903,0.031233240003480274
U0237,0.14774948589829207,0.3841712772846222,0.04884332739793572,0.13366653843329157,0.6761975884437561,0.02510459612222627,0.059816512424840304,0.38686245679855347,0.01963670689973139,0.08811237383496794,0.4824164807796478,0.023196310891460913,0,normal,0.09126946079099445,62,0.4824119508266449,0.029195235327838576
U0546,0.10996774596100843,0.3894209563732147,0.03586329259997001,0.11296844590467241,0.6485230326652527,0.022122586638049325,0.2668634148679767,0.9153489470481873,0.03702597538264649,0.05606453813853943,0.4247913956642151,0.016761647096613604,0,normal,0.08959886641610534,62,0.5945210829377174,0.027943375429319857
U0635,0.1594002814655894,0.5392664670944214,0.037240490591030385,0.13060957284731828,0.6636372208595276,0.02479556441357097,0.04191290035073957,0.39037737250328064,0.013526729441114835,0.08223654843091945,0.4627029001712799,0.02239197382617397,0,normal,0.08801310601733857,63,0.5139959901571274,0.02448868956797254
U0720,0.11097409441138928,0.3152960538864136,0.045064873558270636,0.14489266228586561,0.6624130010604858,0.028006099479558753,0.1095519753224428,0.4957638680934906,0.028293092767555327,0.08958934240960167,0.5146582722663879,0.022288070542132474,0,normal,0.0825756051043666,61,0.4970327988266945,0.030913034086879298
U0925,0.13515965936760005,0.4217487573623657,0.04103253602085126,0.1545872712593868,0.635104775428772,0.03116473478888513,0.024668786257051493,0.4033317267894745,0.007831058690141215,0.08720936398596792,0.5257176756858826,0.021239565230763355,0,normal,0.08157272937786106,61,0.4964757338166237,0.02531697368266024
U0807,0.17712853911680662,0.47478336095809937,0.04776701830877621,0.09886326250064441,0.6710078716278076,0.01886437433269123,0.09088655177106027,0.5143892168998718,0.022622617532224318,0.056821319776118186,0.520960807800293,0.013965013085192473,0,normal,0.07278573924371697,61,0.5452853143215179,0.025804755814721057
U0988,0.1463258038071967,0.4473029375076294,0.041545436232691794,0.08323005182520457,0.6327273845672607,0.01670581582186881,0.22074730551249658,0.5471530556678772,0.051237831068705886,0.05084652032057455,0.4150691628456116,0.015557683191783297,0,normal,0.07247367751042821,62,0.5105631351470947,0.03126169157876245
U0852,0.10090509110622889,0.3596910238265991,0.03562768747778019,0.17164727958643056,0.6567168831825256,0.033194252904040364,0.06960920173667659,0.5409740805625916,0.01634159154491499,0.07825255407362766,0.4712347090244293,0.021089457366190712,0,normal,0.07223651947153349,62,0.5071541741490364,0.02656324732323156
U0109,0.11428175750257427,0.40658316016197205,0.03628706965355377,0.15408817255215115,0.584797739982605,0.03401637211980149,0.06458789403355025,0.4033317267894745,0.020673457383721446,0.08449831152772246,0.48037558794021606,0.022708658359927844,0,normal,0.07147392039840343,60,0.4687720537185669,0.02842138937925114
U0252,0.09034356181627194,0.29842856526374817,0.038760725759469795,0.18651315811247046,0.6311493515968323,0.03783662736994481,0.0479510086009775,0.4176695942878723,0.014699412202538892,0.08132117127321042,0.48220372200012207,0.021592759589499553,0,normal,0.06917420705433311,61,0.4573628082871437,0.02822238123036326
U0922,0.11946850714233191,0.44153261184692383,0.03493132225824714,0.14577504611703085,0.6364609599113464,0.029568942504738516,0.06616669955610198,0.406750351190567,0.02100080345796111,0.08414664299840373,0.4905397891998291,0.022145573383128673,0,normal,0.06881009384031442,60,0.4938209280371666,0.026911660401018857
U0883,0.1576174523100953,0.4613798260688782,0.04374020205587378,0.12391692041320215,0.5757583379745483,0.027556588961288743,0.07076971517950133,0.5471530556678772,0.01656050977228423,0.05576893958757758,0.4881601333618164,0.014627333397312049,0,normal,0.06777648490281903,61,0.51811283826828,0.025621158546689702
U0666,0.09871497121132672,0.32128745317459106,0.03725930939197376,0.18457345816556317,0.6215413808822632,0.03601179295396113,0.07891590336248273,0.4033317267894745,0.023727265518733904,0.05318826453191153,0.46477648615837097,0.013877691069820319,1,email_exfil,0.0672720275202939,68,0.4527342617511749,0.027719014733622278
U0025,0.17858673165182395,0.43074142932891846,0.05308448726127161,0.1085724930968003,0.6534742116928101,0.02127288730589573,0.06556691216050248,0.40251222252845764,0.020856466934420777,0.04806902043751634,0.46614640951156616,0.013203163797183538,0,normal,0.06670055840536697,61,0.4882185682654381,0.027104251324692914
U0502,0.12688303759569525,0.42256373167037964,0.03876463711811293,0.14040317730630286,0.6731825470924377,0.026925790525941313,0.042391038010323456,0.38686245679855347,0.014146266660342613,0.08922181303099311,0.5346943736076355,0.021542187652357825,0,normal,0.06535853959410633,60,0.5043257772922516,0.02534472048918867
U0825,0.10378698147428915,0.4431239664554596,0.030492401934849513,0.12430186590617606,0.6560794115066528,0.024665801534674986,0.19838634837703795,0.6534633040428162,0.03952433516752859,0.05889230878722995,0.4633488357067108,0.016547199335165668,0,normal,0.06495428830463344,59,0.5540038794279099,0.02780743449305469
U0020,0.14741020491924117,0.3730188012123108,0.05059783219180421,0.10472117798154644,0.6745678186416626,0.019876686259142837,0.14455331550609532,0.5471530556678772,0.03382628555142428,0.05198433746266019,0.49149706959724426,0.013542120158624622,0,normal,0.06464089893655972,61,0.5215591862797737,0.029460731040248985
U0749,0.11553295328942988,0.4418065547943115,0.03404455911287202,0.11321550985439671,0.6566218137741089,0.02244732603287117,0.2180340995989304,0.6201512217521667,0.04577209717215244,0.04505731746094564,0.48392558097839355,0.012121622254599677,0,normal,0.06381416879606337,59,0.5506262928247452,0.028596401143123826
U0680,0.1325959959406187,0.45251965522766113,0.037828344626890005,0.10973360993702645,0.6555666327476501,0.021609623521362663,0.1648173994432758,0.5409740805625916,0.03933244777920966,0.054153999281057685,0.47176629304885864,0.014819310637237019,0,normal,0.06377205177037955,60,0.5302066653966904,0.028397431641174836
U0848,0.14174762245961664,0.44967061281204224,0.040360483430616066,0.1396058918328513,0.6503960490226746,0.02748279734692005,9.983634856857957e-06,0.0011306075612083077,0.0011306075612083077,0.08978478902312068,0.4948004186153412,0.023233133642294932,0,normal,0.06358750651426846,61,0.3989994220028166,0.02305175549525984
U0368,0.10933157424937014,0.3935566842556,0.035569142146623114,0.16732185605036057,0.671876847743988,0.03188585596483075,0.020969331698973987,0.3695208430290222,0.007265754708195808,0.08487502768109259,0.4962918162345886,0.02189666114375049,0,normal,0.06171983577397101,61,0.4828115478157997,0.024154353490850038
U0594,0.14982048331645456,0.42376214265823364,0.04564291917516812,0.15155507613711114,0.6656097173690796,0.029395118019626427,0.024633986909852076,0.40251222252845764,0.007900962646817788,0.041507868041808706,0.45578861236572266,0.011756859598290249,0,normal,0.05785877570205946,60,0.4869181737303734,0.023673964859975645
U0106,0.10097290940259326,0.4204081892967224,0.030751675649520485,0.10080306380834948,0.626261830329895,0.02060880793405364,0.24020711589158475,0.6217902898788452,0.04946260846632182,0.06171855466464855,0.47905677556991577,0.01649543765209974,0,normal,0.057794266304275574,61,0.5368792712688446,0.029329632425498922
U0432,0.13683001058319036,0.4353698492050171,0.04091636134162246,0.14478072709296408,0.5690398812294006,0.03312394405559459,0.041231100367189036,0.3831886947154999,0.014008325739700537,0.058995576498169534,0.4657563865184784,0.0164905304131087,0,normal,0.05729004501183874,59,0.463338702917099,0.02613479038750657
U0232,0.14330646588569348,0.4319723844528198,0.04282862946452634,0.11269229069680209,0.5980111956596375,0.024328160201819552,0.11740122396269215,0.6217902898788452,0.024375473672989756,0.04854629442171306,0.5057144165039062,0.012392962225280257,0,normal,0.05525024388557995,60,0.5393720716238022,0.025981306391153976
U0477,0.15788235034395912,0.4610790014266968,0.04420614194459631,0.015274820390174394,0.17268764972686768,0.01141929278691407,0.40210132985957336,0.9115462899208069,0.05694835143513046,0.003136050032520159,0.04970855638384819,0.008144720904139528,0,normal,0.05432327011514275,60,0.3987553743645549,0.030179626767695096
U0089,0.17123217366964588,0.4282447397708893,0.050780560233379804,0.09023602889436687,0.6519910097122192,0.01757690974088086,0.09351342992803255,0.541157603263855,0.021945949581887333,0.049780635675623824,0.45329585671424866,0.013947065606954868,0,normal,0.05389585431577391,62,0.518672302365303,0.026062621290775717
U0700,0.1371574002039325,0.3880752623081207,0.04488564187604718,0.13796008241936009,0.652985155582428,0.02683207702108898,0.025955897839674533,0.4176695942878723,0.007892368434582867,0.07060481876995196,0.4601810872554779,0.01948541823847541,0,normal,0.053876355211195326,62,0.47972777485847473,0.02477387639254861
U0091,0.08919247995855119,0.41054436564445496,0.027816547498937753,0.146416502775705,0.6659069657325745,0.028152149100083266,0.08535287734438629,0.6217902898788452,0.017575565727473406,0.09456815830142636,0.5267193913459778,0.022987974486706333,0,normal,0.05363466989292791,61,0.5562402531504631,0.02413305920330019
U0931,0.14628761023774556,0.4276638925075531,0.04416002754602933,0.0960791844237086,0.6544007658958435,0.018954393117231422,0.12445906188288484,0.5471530556678772,0.029365815711207686,0.059869077024630936,0.5002079606056213,0.01545170252711614,0,normal,0.053493028852353686,60,0.5323564186692238,0.026982984725396147
U0219,0.07094071713224895,0.3803456425666809,0.023880983677163833,0.11055887172786347,0.6313158869743347,0.02242239309512637,0.2781309087287828,0.9338813424110413,0.03813226814725299,0.06350850850856044,0.506899893283844,0.016041493372488388,0,normal,0.053057444648942284,61,0.6131106913089752,0.025119284573007897
U0421,0.10395519641426414,0.4202220141887665,0.031673968883778596,0.16780753340281995,0.661866307258606,0.03246207394227941,0.023523608538806143,0.3938570022583008,0.007647164896909209,0.07632691151162756,0.4437897801399231,0.022020920810257954,0,normal,0.05216651702149595,61,0.4799337759613991,0.023451032133306293
U0815,0.1225108814635287,0.43733644485473633,0.03586691940487429,0.10871788385503191,0.6215943694114685,0.022393862181996186,0.1676579785777333,0.7165996432304382,0.029955924030576574,0.049037827424475884,0.4553309679031372,0.013789201404489916,0,normal,0.05077266945104952,61,0.5577153563499451,0.025501476755484243
U0037,0.1461070267578354,0.39925867319107056,0.047243397108468345,0.10728617027167416,0.6664541363716125,0.020782502904239664,0.09465802917847203,0.37806424498558044,0.03232333970178539,0.0556390168177619,0.4215700328350067,0.01703860717086627,0,normal,0.05000935144141051,60,0.46633677184581757,0.029346961721339916
U0915,0.17647201825128084,0.4558039903640747,0.04917018982653263,0.09314699710937711,0.6682970523834229,0.017701230942718887,0.04508133106040163,0.4033317267894745,0.014195101425772714,0.05698691289188536,0.49461865425109863,0.014632171901353554,0,normal,0.04924214880388173,62,0.5055128559470177,0.023924673524094442
U0940,0.09649538568851546,0.3607603907585144,0.034247019428884876,0.14080530742987668,0.6572951078414917,0.02742797265069739,0.08931789554950183,0.4176695942878723,0.02738045772239871,0.07964840057185019,0.44915109872817993,0.022704904273287405,0,normal,0.0475782013563374,61,0.4712190479040146,0.027940088518817095
U0094,0.16008114172444177,0.5011998414993286,0.0412338249539971,0.0950929009324099,0.6685489416122437,0.018362815281985453,0.0994636680157659,0.5143892168998718,0.024963012256193906,0.04405482504224655,0.4519500732421875,0.012584251654516265,0,normal,0.0467867362081273,60,0.5340220183134079,0.02428597603667318
U0116,0.07788487213114169,0.32285618782043457,0.031143568361070115,0.13332578882868387,0.6676906943321228,0.025778830634044424,0.11633564015944366,0.6217902898788452,0.024154231431505954,0.09604958121901579,0.49731555581092834,0.024933761815464094,0,normal,0.0447057479135414,60,0.5274131819605827,0.02650259806052115
U0362,0.1483791496671786,0.4249122142791748,0.045081466733881824,0.09473365697347992,0.6754810214042664,0.01810570858185656,0.12586547328082004,0.5324022173881531,0.030520464037545027,0.04288420416096896,0.4603063464164734,0.01202748342300121,0,normal,0.044614333665288906,60,0.5232754498720169,0.026433780694071155
U0904,0.11591517702886489,0.42661041021347046,0.03450746126084706,0.10507011641104515,0.5733724236488342,0.023272689054714822,0.1659010371029362,0.6214626431465149,0.03390300770913581,0.05055078121497582,0.4355303943157196,0.014740545592340207,0,normal,0.04313302384436734,62,0.5142439678311348,0.02660592590425948
U0898,0.1387040232632374,0.40353336930274963,0.04400932295500185,0.09808910207319413,0.6534422039985657,0.019219790989959844,0.13469096332559236,0.6369830369949341,0.02707357919721513,0.04354648416374127,0.413685142993927,0.013477776658888973,0,normal,0.042632358584527096,61,0.5269109383225441,0.02594511745026645
U0333,0.09599401938312128,0.3226374387741089,0.03809469471594102,0.1557034236510464,0.6452059149742126,0.030898322685009246,9.983634856857957e-06,0.0011306075612083077,0.0011306075612083077,0.09926673485316885,0.47650599479675293,0.026672913143825173,0,normal,0.04257310350969217,61,0.3613699890265707,0.024199134526495934
U0312,0.1471269370975048,0.443158894777298,0.04322218495985281,0.11951408404016568,0.6412966251373291,0.02426242059940343,0.04112401147286598,0.3831886947154999,0.013971942133601692,0.05218242942951955,0.49434971809387207,0.013742444692712078,0,normal,0.041970527607761224,59,0.49049848318099976,0.0237997480963925
U0786,0.11815748176447677,0.4299115836620331,0.03518982944582544,0.07456694858230821,0.6544077396392822,0.014589252027884064,0.2159817039623171,0.6507595181465149,0.04249438191344198,0.05758394866005084,0.48365890979766846,0.015243943554628832,0,normal,0.041405955951059004,61,0.5546844378113747,0.026879351735445076
U0043,0.07128932041520299,0.43477368354797363,0.02116828142842735,0.0932409225905652,0.6121775507926941,0.019663170154403057,0.2847037883535916,0.5324357748031616,0.06903198990233553,0.061234681836103894,0.4790719449520111,0.016501411771969288,0,normal,0.04109018593574733,60,0.5146147385239601,0.03159121331428381
U0899,0.14165198604074972,0.5174696445465088,0.035048777295622904,0.10606664234429691,0.6643572449684143,0.02044147490461675,0.08587640827443209,0.4042963683605194,0.027196255607957968,0.05109699975016979,0.45832374691963196,0.01427440857235554,0,normal,0.04066522073655779,61,0.5111117511987686,0.02424022909513829
U0436,0.11298863676721138,0.4369701147079468,0.03338161991562932,0.13083098933443105,0.5386317372322083,0.03135761769651329,0.08972614755164887,0.4176695942878723,0.02773387385144209,0.05508050792785908,0.48822110891342163,0.014564841353679489,0,normal,0.03996968971974426,60,0.47037313878536224,0.026759488204316045
U0837,0.10419279688325858,0.3039918839931488,0.04388446312834805,0.0739180104253949,0.6396444439888,0.014796081658579303,0.23752182694793428,0.7678738832473755,0.03960488082986081,0.06337433378658547,0.5000905990600586,0.016225563890045914,0,normal,0.03985744251936767,61,0.5529002025723457,0.028627747376708517
U0453,0.14753315139918113,0.4397013783454895,0.043682329099129225,0.0716477444051421,0.6486313343048096,0.014380652498595613,0.15285766720367547,0.541157603263855,0.03677371085297822,0.0502920202476621,0.422353059053421,0.015502346216558412,0,normal,0.0395773157719201,59,0.5129608437418938,0.027584759666815367
U0210,0.12387819067382205,0.41355180740356445,0.038671347486888406,0.1168031553465008,0.5523785948753357,0.027298708991645527,0.08846526492304221,0.4176695942878723,0.02734414175307999,0.05553243208134369,0.4819863438606262,0.014874293111205599,0,normal,0.03830329460612534,60,0.46639658510684967,0.02704712283570488
U0945,0.10535051188674056,0.4025808274745941,0.03378375638761402,0.09168083106011601,0.5932139158248901,0.019952236587287567,0.20498133106177713,0.9115462899208069,0.029030863645796975,0.051859013379482004,0.48234760761260986,0.013879968996051654,0,normal,0.03805374338236111,60,0.5974221602082253,0.024161706404187553
U0274,0.18154542119690034,0.4466361701488495,0.05247540316327104,0.07281301719059337,0.6663249135017395,0.014107412027378056,0.04376509192092128,0.5471530556678772,0.010326267967078214,0.056019791612000776,0.5034372210502625,0.014365493246517265,0,normal,0.037972671884794945,60,0.5408878400921822,0.022818644101061145
U0769,0.09427664417849851,0.3956599831581116,0.030761418758703484,0.14686908987357128,0.6749532222747803,0.028091899328761136,0.04262785318508166,0.3938570022583008,0.013972665588759507,0.07976666023980405,0.44726377725601196,0.023024067854445936,0,normal,0.03734549346000174,60,0.47793349623680115,0.023962512882667517
U0134,0.13968058222266633,0.4532243311405182,0.03978754975309098,0.10527660738174467,0.6471502184867859,0.021001540574206955,0.058378564053075455,0.6369830369949341,0.011831775375564272,0.06241405167704758,0.47989311814308167,0.016790445870522794,0,normal,0.037244685512276214,60,0.55431267619133,0.02235282789334625
U0265,0.10097138885004826,0.4401327669620514,0.029866795070366776,0.02646010422946644,0.17979088425636292,0.019160104631119047,0.4677799058771643,0.8859978318214417,0.068735785052275,0.0016089744759635704,0.03826837241649628,0.005473727299971161,0,normal,0.03714625127320853,59,0.38604746386408806,0.030809103013432995
U0152,0.1453204545985092,0.44083738327026367,0.04255716672272835,0.08342629588582327,0.5749484896659851,0.01873261462600908,0.11972746249921157,0.6369830369949341,0.024265558181408173,0.04958905467789721,0.4530259668827057,0.014131462429789821,0,normal,0.036806064926667804,60,0.5264487192034721,0.024921700489983857
U0652,0.09403204245434645,0.43458786606788635,0.02816905431621431,0.13782427593545782,0.6593378782272339,0.027213956581717713,0.10114402560278213,0.5143892168998718,0.02559896302804098,0.05857392891001179,0.43788525462150574,0.017414781466560288,0,normal,0.036370652640680505,59,0.5115500539541245,0.02459918884813332
U0974,0.10326834072876333,0.3437248468399048,0.038467268992388226,0.08643956683583207,0.614619255065918,0.018007005718074977,0.21353599321207672,0.8954101800918579,0.030534031142511207,0.0531385973626275,0.48316410183906555,0.014081551556550548,0,normal,0.03624334640894883,61,0.5842295959591866,0.025272464352381244
U0092,0.14013553293137707,0.4178146719932556,0.04330010581532709,0.1012725299212108,0.5999117493629456,0.02179358448580994,0.07273824540947972,0.5471530556678772,0.01716241370886564,0.05678907563330159,0.47312498092651367,0.015495774762909302,0,normal,0.03608432159144692,60,0.509501114487648,0.024437969693227993
U0310,0.07019705397855734,0.32766205072402954,0.026991216972058443,0.16968732278067972,0.6546095013618469,0.03265854396028901,0.022503203647800202,0.38686245679855347,0.007328540465557977,0.09034387044022246,0.4703928828239441,0.02419734270889811,0,normal,0.03565155540371578,63,0.4598817229270935,0.022793911026700885
U0260,0.09997599155238304,0.4347696006298065,0.029937156244544648,0.08690959517552639,0.6415472626686096,0.0176365268906628,0.21517296996476,0.5143892168998718,0.054459023851727656,0.05332021981382345,0.503563404083252,0.013785158521313397,0,normal,0.034964833498595436,59,0.523567371070385,0.028954466377062126
U0640,0.11458941518490834,0.42883923649787903,0.03421252055531873,0.12942777041892337,0.6533928513526917,0.02536227304416138,0.06125597783761429,0.38686245679855347,0.020273417959630977,0.054230328012519875,0.4841395616531372,0.014341901687917099,0,normal,0.03300095487704343,61,0.48830852657556534,0.02354752831175705
U0976,0.16707808628619153,0.43902990221977234,0.04872596778734793,0.0684630125401243,0.6255331635475159,0.014013310608076802,0.0661723997609872,0.4176695942878723,0.020285191258690397,0.05851299543558361,0.48420923948287964,0.015472280907115568,0,normal,0.032967784482973383,61,0.49161047488451004,0.024624187640307674
U0812,0.11123702310088546,0.4260994791984558,0.03289031855075293,0.12513027958968784,0.6072374582290649,0.025961727460260892,0.06430128402062335,0.5143892168998718,0.015749164335873155,0.062278182265567264,0.5064436793327332,0.015492963515700668,0,normal,0.0327130372824273,63,0.5135424584150314,0.02252354346564691
U0808,0.10930114316329767,0.4284241795539856,0.03293632241093292,0.09942629605048807,0.6646817922592163,0.01931131524202859,0.15378413531653787,0.6217902898788452,0.031929489448278524,0.050918603753586596,0.4797879159450531,0.013700977577515042,0,normal,0.03264256706576503,60,0.548671044409275,0.02446952616968877
U0127,0.10451669898672776,0.32162174582481384,0.04160785833939044,0.15212083509589774,0.6655276417732239,0.02926561704720609,9.983634856857957e-06,0.0011306075612083077,0.0011306075612083077,0.06981341043721614,0.4334462285041809,0.020622376345742297,0,normal,0.032470695394401464,61,0.35543155591585673,0.02315661482338678
U0683,0.07928499108422087,0.3816499412059784,0.02681946787004866,0.12269825570657866,0.6691315174102783,0.023672889837833586,0.18931293897981705,0.6217902898788452,0.0393061707902234,0.040950517585036296,0.43454504013061523,0.012166032515121827,0,normal,0.03174310574887568,60,0.5267791971564293,0.02549114025330687
U0726,0.07581275362920559,0.3211096227169037,0.030229017591174905,0.14150871270992263,0.6309114694595337,0.02871771228730394,0.07075776790472368,0.5471530556678772,0.016557714043062974,0.08439653992627233,0.4878656566143036,0.022149273068907346,0,normal,0.03173396426007317,61,0.49675995111465454,0.024413429247612292
U0079,0.13027383746628537,0.4273468255996704,0.03935510711902073,0.10877911294814895,0.6329731941223145,0.022186284073086426,0.04408579184048123,0.4033317267894745,0.014111092372331768,0.06536573639535902,0.5225048065185547,0.0161504357033967,0,normal,0.03166681413291927,60,0.4965391382575035,0.022950729816958906
U0022,0.10812129988913281,0.40384164452552795,0.034564042574402265,0.10325447339418342,0.5981310606002808,0.022286244727911252,0.12115138651027058,0.532114565372467,0.029393250555343305,0.062401664812626406,0.5270105004310608,0.015286261431049298,0,normal,0.03162584789282648,60,0.5152744427323341,0.025382449822176533
U0889,0.0972323204357864,0.40072351694107056,0.031067113385971856,0.09757808128085924,0.6424582004547119,0.01944654620051104,0.15827642266382025,0.9031473994255066,0.022438440655098587,0.06470490678292941,0.5107004642486572,0.016222061581681716,0,normal,0.03138815136987189,61,0.6142573952674866,0.0222935404558158
U0353,0.09907693443086062,0.41484886407852173,0.030832378589758493,0.14565257678833324,0.5858363509178162,0.03209713220820305,0.06273222503396197,0.3938570022583008,0.020562527468428016,0.04863975671436947,0.4676879048347473,0.013426401507710276,0,normal,0.031000087250330495,60,0.4655575305223465,0.024229609943524962
U0061,0.08816029275310604,0.4213160276412964,0.027242003038748144,0.08315741159859487,0.6378087401390076,0.01697401144682602,0.22752660204200476,0.5667380690574646,0.05226654455783951,0.058291563652902355,0.4967682659626007,0.015276570005202519,0,normal,0.030948523777511026,59,0.5306577757000923,0.02793978226215405
U0030,0.13339639882201412,0.41992709040641785,0.04135654090474048,0.09292557513209063,0.6432465314865112,0.01880753153966645,0.09802585905794683,0.5471530556678772,0.023324149808751703,0.05041112540262867,0.4821823537349701,0.013610969930047019,0,normal,0.03064805547266296,59,0.5231272578239441,0.02427479804580141
U0339,0.13262721758726057,0.438268780708313,0.038746029563433274,0.09400264222038558,0.6033207774162292,0.01994926325410308,0.11840662837843904,0.5143892168998718,0.02947265370825275,0.03897522717911021,0.3771921396255493,0.013230038376841773,0,normal,0.030582121547715373,61,0.48329272866249084,0.02534949622565772
U0793,0.09336575365252234,0.4461632966995239,0.0267934630183243,0.10564341321206173,0.606314480304718,0.022308972410383668,0.16406677866343375,0.6708067059516907,0.03131542701396297,0.05350001189608877,0.5005631446838379,0.013684536451189503,0,normal,0.03030688558953953,61,0.5559619069099426,0.02352559972346511
U0736,0.07813028759793329,0.308268278837204,0.03299624955042865,0.13239442030315937,0.5913108587265015,0.029149279342387455,0.12876240944114,0.5343388915061951,0.03137229598458793,0.05837658376427831,0.5092951059341431,0.014922554288269543,0,normal,0.030301627190001477,59,0.4858032837510109,0.027110094791418394
U0624,0.12436522764599942,0.4452506899833679,0.03576263008269097,0.11439211295249446,0.6115837693214417,0.023948328857090414,0.04409507105874737,0.4033317267894745,0.013997895389291474,0.060939582711056185,0.4841863512992859,0.016114692233266576,0,normal,0.029677575284867908,61,0.4860881343483925,0.022455886640584857
U0452,0.13554940498104662,0.4062091112136841,0.043079666243113476,0.09077154022004667,0.6143856048583984,0.019073616569237117,0.09262962450851538,0.5143892168998718,0.02324783006721797,0.0500664100664499,0.4912363588809967,0.013157710396509021,0,normal,0.029516985695663696,60,0.5065550729632378,0.024639705819019395
U0102,0.1090774680192139,0.44319596886634827,0.03125671997137884,0.10402599406176637,0.657084047794342,0.02010597350751748,0.11486387273827148,0.5143892168998718,0.02835931614859991,0.05777914459665488,0.48047763109207153,0.015272217116661992,0,normal,0.029516076855530166,62,0.5237867161631584,0.023748556686039556
U0651,0.143754430599327,0.44469183683395386,0.041390165606616555,0.08327606451279289,0.644705593585968,0.01653841316003223,0.055931484932517934,0.6217902898788452,0.011517215590756082,0.06654057106131388,0.5144092440605164,0.016562002347379094,0,normal,0.028949339571917403,61,0.5563992410898209,0.021501949176195988
U0724,0.05194469213575106,0.2473486363887787,0.026888510109603855,0.13977751845253014,0.6653576493263245,0.026897830611168544,0.16738787353435644,0.9338813424110413,0.022949190751160878,0.06080140952021954,0.4261232018470764,0.018268948362227273,0,normal,0.028890897101768884,61,0.5681777074933052,0.023751119958540137
U0494,0.09751746226414719,0.4023222029209137,0.03078311363968521,0.10975471443385142,0.6302255392074585,0.02211726089281881,0.12626651721421406,0.5143892168998718,0.03117457208516557,0.05759901317803284,0.49391767382621765,0.014810326449807485,0,normal,0.028545280169519256,62,0.5102136582136154,0.02472131826686927
U0083,0.12156399022107475,0.4177992641925812,0.037880113388783394,0.083660123717001,0.6471659541130066,0.016829717833604527,0.12045665868518232,0.6217902898788452,0.025220916874833025,0.060893073234516495,0.4919571578502655,0.01611441720925248,0,normal,0.028337366112561796,59,0.5446781665086746,0.024011291326618358
U0159,0.1287366077504553,0.5289085507392883,0.030911894903246938,0.10817060835785812,0.6220843195915222,0.022083310198457325,0.02607506689912433,0.4176695942878723,0.007928603980314707,0.06772179187343728,0.5154956579208374,0.016684284409487257,0,normal,0.02792015334543643,62,0.5210395306348801,0.019402023372876557
U0193,0.1347810331137629,0.434266060590744,0.04040609551223389,0.11786871134527285,0.677972674369812,0.022633949344666133,2.201380749134976e-05,0.0023961791303008795,0.0011960514919769208,0.05772695218134016,0.5167546272277832,0.014543477005805333,0,normal,0.027032246261434134,59,0.40784738532966003,0.01969489333867057
U0361,0.10726862106805587,0.42729929089546204,0.03214220067502538,0.11905632308621186,0.6599753499031067,0.023097226504716194,0.10030105356521736,0.6369830369949341,0.02016102973959546,0.041052807875405044,0.4045099914073944,0.012994174543287678,0,normal,0.027023924007930373,61,0.5321919173002243,0.02209865786565618
U0398,0.07876582111444096,0.2972680628299713,0.03392537322993196,0.1010275294991112,0.6487419605255127,0.019938974895221243,0.19515701721207515,0.5085765719413757,0.04913182588309416,0.05359558586649435,0.4904434382915497,0.0139918511631554,0,normal,0.02684590572383673,61,0.48625750839710236,0.02924700629285069
U0254,0.05347302419457848,0.29198458790779114,0.02384233646243648,0.09231273457193845,0.6566423177719116,0.01830234521643649,0.27893187374375,0.9263940453529358,0.039199125968803795,0.05559544093320314,0.4858836531639099,0.01489638489268288,0,normal,0.026786543884659914,59,0.5902261510491371,0.024060048135089912
U0214,0.07541372469285991,0.343603253364563,0.028334626923242467,0.1142318996625811,0.6255891919136047,0.023573416906682118,0.16864069826101602,0.9338813424110413,0.023312833804326753,0.05418613286826725,0.4476829171180725,0.015625790946350547,0,normal,0.02656963326878938,60,0.5876891762018204,0.022711667145150473
U0765,0.14382240590870293,0.4572398066520691,0.0409502456424226,0.0914376984685179,0.6619035601615906,0.017984756545656174,0.03920906327932195,0.5143892168998718,0.009923585256466926,0.05761545949337065,0.4835819900035858,0.015511111005283872,0,normal,0.026565403477838027,59,0.5292786434292793,0.021092424612457396
U0351,0.15134246334550686,0.42563706636428833,0.04590349278223584,0.08590650700118282,0.6402435898780823,0.017322285674102506,0.04885633223033445,0.4176695942878723,0.015101231824761878,0.048882589791930796,0.49401217699050903,0.012774412251466553,0,normal,0.026457823164632546,60,0.494390606880188,0.022775355633141696
U0337,0.10999555961399247,0.44323810935020447,0.03230814728423434,0.10216943275767483,0.6743900179862976,0.019723493574189378,0.10119620380710286,0.5471530556678772,0.024078497657220872,0.05720391692969035,0.5101867318153381,0.014597235060219978,0,normal,0.026401448873674734,59,0.5437419787049294,0.022676843393966143
U0959,0.1427634646013374,0.4268416166305542,0.04282382003952244,0.07168549708158484,0.6513408422470093,0.014091527488282558,0.09503927816649463,0.5471530556678772,0.02223972345847392,0.05370664457009805,0.49451738595962524,0.013905337603199635,0,normal,0.026034117437508563,61,0.5299632251262665,0.023265102147369637
U0190,0.08797433704186784,0.3056706190109253,0.037155805526799666,0.11317203126773011,0.6168676018714905,0.02368489829511778,0.1190063568583893,0.4998764991760254,0.030734900784833978,0.06212337739223874,0.5176301002502441,0.015493870103637165,0,normal,0.025791236150919987,60,0.4850112050771713,0.026767368677597148
U0067,0.10691069487949967,0.3918456733226776,0.03522333484750864,0.13371766962314754,0.6158830523490906,0.028029472238752837,0.047438648722293475,0.4176695942878723,0.014663033410518741,0.046279733936058366,0.4270622134208679,0.013990205108954731,0,normal,0.02566680042118896,60,0.4631151333451271,0.022976511401433735
U0198,0.11160669887274892,0.40167322754859924,0.035575618495878175,0.11037109085545285,0.6310005187988281,0.022395496813256525,0.06173234233163545,0.5143892168998718,0.015365828527137637,0.06124387029338405,0.4927283823490143,0.01591439492484019,0,normal,0.025137762267419404,61,0.5099478363990784,0.022312834690278133
U0532,0.06597440455210545,0.2954900860786438,0.028824178558988934,0.1445883824360311,0.6283873319625854,0.029705054443669117,0.045921938205700216,0.4033317267894745,0.014698810770642012,0.08812912948910392,0.5017142295837402,0.022677095891170514,0,normal,0.02502648723586909,60,0.457230843603611,0.023976284916117648
U0454,0.10627450834902423,0.44726577401161194,0.0306752289785436,0.0972991686401727,0.6597204804420471,0.019040289077717414,0.1185011717407188,0.5143892168998718,0.029740972372625643,0.05472531487382001,0.5023537874221802,0.01406380910751371,0,normal,0.024858874823721434,60,0.5309323146939278,0.023380074884100092
U0372,0.14618053636828718,0.419686883687973,0.045345912812774905,0.09458632328978708,0.6088404059410095,0.02022548159192087,0.044053887276120175,0.5471530556678772,0.010482126618025162,0.042148834873187956,0.3768293857574463,0.014561791406530404,0,normal,0.024855721087648275,59,0.4881274327635765,0.02265382810731284
U0006,0.051653713181773725,0.3212466239929199,0.020933264865685117,0.11580157648483293,0.6666706204414368,0.022613987582714136,0.22209911481387296,0.5405206680297852,0.053494424168494044,0.04952707888131935,0.4572819471359253,0.014100439573451433,0,normal,0.024278362319828394,59,0.4964299649000168,0.027785529047586185
U0896,0.13908064459701824,0.4095834195613861,0.044587213372606446,0.012456698891693685,0.17955368757247925,0.009109502114879747,0.335582906236835,0.9024868607521057,0.04882530290794013,0.0027064955556291986,0.060282059013843536,0.0058952909501440755,0,normal,0.024253387174712773,58,0.38797650672495365,0.0271043273363926
U0872,0.12518932121562631,0.41427963972091675,0.038690895116554304,0.10664348917092054,0.66963791847229,0.020390571145900944,0.041914970578359065,0.38686245679855347,0.013872274140384598,0.05386607510246872,0.47462591528892517,0.014531115912945336,0,normal,0.023969259044768116,61,0.48635148257017136,0.021871214078946297
U0777,0.07419611558102565,0.3171229958534241,0.029956323780839688,0.08244299555120793,0.644531786441803,0.016377383000724048,0.2415285091502715,0.7678738832473755,0.04027296330963002,0.04972049025415532,0.4522501826286316,0.014076404356266543,0,normal,0.0237138298816929,61,0.5454447120428085,0.025170768611865072
U0008,0.06284707714107333,0.2962154150009155,0.027390616287861273,0.12839118818955497,0.6612736582756042,0.02506561529330232,0.08454400597152568,0.4011181890964508,0.02721039467918066,0.0877093364682358,0.4803827702999115,0.023571258896754443,0,normal,0.023364172844238983,60,0.4597475081682205,0.025809471289274674
U0597,0.09069316390358578,0.350692480802536,0.03338662148383567,0.12822442909416898,0.6507595181465149,0.025437511328973036,0.0891525703131492,0.6369830369949341,0.018068844330264254,0.04572892626752552,0.44940197467803955,0.013136522152649377,0,normal,0.02318050468576324,60,0.5219592526555061,0.022507374823930587
U0596,0.0798420088441887,0.3197907507419586,0.03223219869699581,0.0755374266219718,0.6129575967788696,0.01590948524877073,0.24098406498949373,0.9115462899208069,0.03412981804382677,0.04929157765308211,0.4793437719345093,0.013275473020697367,0,normal,0.02315370847309666,60,0.5809096023440361,0.02388674375257267
U0739,0.10148829501931571,0.4020712077617645,0.032318266996332175,0.08686240726955909,0.628774106502533,0.017687737925655256,0.14209263256888438,0.5143892168998718,0.03536834898137595,0.056461875063675976,0.48371627926826477,0.014945129258932389,0,normal,0.023036465981070293,61,0.5072377026081085,0.02507987079057394
U0751,0.11800389691901342,0.3887912631034851,0.039183590350148734,0.11873558189797015,0.6503564119338989,0.023569687987219368,0.022952445657595598,0.38686245679855347,0.007659435390572374,0.054828869148994624,0.49478867650032043,0.014305858048828668,0,normal,0.023018048428781107,60,0.4801997020840645,0.021179642944192285
U0058,0.13773652105391276,0.443693608045578,0.03911070661545245,0.10836258017402704,0.6343981623649597,0.021520241776191336,2.037855332893218e-05,0.002173227723687887,0.001181402373024159,0.05281108947370899,0.49446606636047363,0.013456073773268722,0,normal,0.022925937654157975,63,0.3936827661236748,0.018817106134484167
U0220,0.09988589480112539,0.41631436347961426,0.030471015266548128,0.11398141668679848,0.532421886920929,0.027188315789570174,0.08831467002333829,0.6217902898788452,0.018038194696043407,0.05112704443661804,0.5086307525634766,0.01276592322400824,0,normal,0.022896834692780296,62,0.5197893232107162,0.022115862244042488
U0424,0.14475970036333538,0.44785943627357483,0.04104971078341409,0.08574332747752819,0.638117253780365,0.01706490995902934,0.06506157697656978,0.5143892168998718,0.016063378211261043,0.037753024514029974,0.4130946397781372,0.011606635492772776,0,normal,0.0228401239599564,62,0.5033651366829872,0.02144615861161931
U0758,0.09167510688561234,0.44922947883605957,0.02591715540884545,0.12410436340796785,0.5972102284431458,0.0263914935870697,0.09214257775937783,0.5143892168998718,0.022749541967641562,0.04576547022687451,0.4471917152404785,0.012997156103196059,0,normal,0.02249229076223139,62,0.5020051598548889,0.022013836766688194
U0053,0.08067927922724308,0.3245472311973572,0.031319428344720526,0.10974335616710397,0.6405827403068542,0.02158403964078807,0.13964147255868267,0.5143892168998718,0.034202061948322114,0.05472332817253854,0.5060365796089172,0.013624491935628737,0,normal,0.022478478082161236,63,0.4963889420032501,0.025182505467364863
U0218,0.07951078050591535,0.4412759840488434,0.023457931769417743,0.09965025544309068,0.645609438419342,0.02009474685943225,0.16292390406765908,0.6156558394432068,0.03445250460467601,0.05674414921053631,0.49108797311782837,0.015043046041937179,0,normal,0.022337153950811737,59,0.5484073087573051,0.023262057318865798
U0686,0.13245511990689482,0.4202788174152374,0.04068699573252322,0.08905191089343623,0.6015549302101135,0.019111392300049167,0.06488609656161567,0.5143892168998718,0.01628486517777977,0.04892157396174507,0.47976595163345337,0.013164227305626735,0,normal,0.022331170199983885,60,0.503997229039669,0.022311870128994722
U0051,0.1026486535155708,0.4281158745288849,0.03069919642645682,0.07385509085327575,0.658302903175354,0.014364474703668629,0.15598804137415914,0.5300703048706055,0.03767843989914924,0.06078907758045585,0.4865855574607849,0.015995632644784354,0,normal,0.02197353681396369,61,0.5257686600089073,0.024684435918514762
U0373,0.14128280750088093,0.4527920186519623,0.04028236202759672,0.08702072850831488,0.639579713344574,0.01756517210993138,0.02638416215711857,0.4176695942878723,0.008155203860951588,0.058437207841298695,0.46821191906929016,0.0161128129913268,0,normal,0.021947967321799808,60,0.4945633113384247,0.020528887747451624
U0228,0.15892100769297482,0.5365291237831116,0.03823951573634758,0.02441401300062795,0.2276747077703476,0.013843590956517934,0.24220626633840653,0.9257120490074158,0.033777992371081686,0.0007281944199896915,0.02153562381863594,0.004365301705324024,0,normal,0.021886374546830793,60,0.4278628760948777,0.022556600192317807
U0950,0.11211229374338397,0.39007869362831116,0.03650103370490533,0.08101514513734473,0.6148346066474915,0.01673447397094987,0.13711974495402512,0.5143892168998718,0.03385417977528226,0.0465993022149522,0.4478670060634613,0.013214005986814329,0,normal,0.021560809993872377,62,0.49179238080978394,0.025075923359487946
U0468,0.10590436477561993,0.4266851544380188,0.03177908651404785,0.11464391872231541,0.630994439125061,0.023262724275097017,0.04603001848755967,0.41234290599823,0.01429281276498051,0.05955915563876865,0.4926483929157257,0.015479129880629041,0,normal,0.0215530971660798,61,0.4906677231192589,0.021203438358688605
U0701,0.1442187844152544,0.4166393280029297,0.044687488090949044,0.08447730721916892,0.6365374326705933,0.017133279060515903,0.03895602886072231,0.5143892168998718,0.009777035628212616,0.048345524020726484,0.4365726411342621,0.014296315721897676,0,normal,0.021251637859321323,60,0.5010346546769142,0.021473529625393808
U0813,0.12229844805610032,0.43879202008247375,0.036285759627251044,0.11082263065364853,0.6284240484237671,0.022958824750607534,0.021153804778245636,0.3695208430290222,0.007452870004857748,0.05248146021575518,0.4830930233001709,0.014143247413298306,0,normal,0.02091104700219893,59,0.4799574837088585,0.02021017544900366
U0141,0.05463626164771179,0.3818507492542267,0.01847190574449087,0.09623613940388462,0.6437839865684509,0.019298448599260117,0.2087921351811654,0.6217902898788452,0.043350546292883034,0.06476729542494507,0.5200501680374146,0.016078106304394168,0,normal,0.02051900156693789,60,0.5418687984347343,0.024299751735257048
U0599,0.08008249864476782,0.43320852518081665,0.02406659306354598,0.09520400641168617,0.6382425427436829,0.01941974263023455,0.19357902767884752,0.5471530556678772,0.04605995075998165,0.0382667120181773,0.39329013228416443,0.012667242718573292,0,normal,0.020445739818391626,59,0.5029735639691353,0.02555338229308387
U0010,0.06727956588594668,0.32696402072906494,0.026564863582982903,0.142887441506566,0.6689895391464233,0.027573957884962398,0.038283294255991696,0.3695208430290222,0.013375029121137534,0.07511800547591398,0.4757423400878906,0.020384338306234186,0,normal,0.020148852916085928,60,0.4603041857481003,0.02197454722382925
U0417,0.12338134320978186,0.4427656829357147,0.035678831570160094,0.08813518648579304,0.6299543380737305,0.01791328927815737,0.06389839430979766,0.40251222252845764,0.02032572076633023,0.05382866630665645,0.48864200711250305,0.014104506744272795,0,normal,0.019832924554201523,61,0.49096856266260147,0.022005587089730123
U0642,0.07347862227794352,0.28870493173599243,0.03313452859019581,0.12096743643031872,0.6649749279022217,0.02368302646039148,0.08869965226286936,0.4176695942878723,0.02764795735770426,0.06480974373863643,0.5219831466674805,0.016164334063556083,0,normal,0.01926449566406378,59,0.4733331501483917,0.025157461617961906
U0483,0.12198397998877665,0.37318292260169983,0.04151310258936475,0.10079356753195069,0.6442680358886719,0.019868742765894357,0.024440821215188778,0.4033317267894745,0.0076958671786762295,0.057757135892242316,0.4903945028781891,0.014957679073543863,0,normal,0.019248375175917216,62,0.4777942970395088,0.0210088479018698
U0810,0.11386538684740587,0.41717010736465454,0.03523732399039356,0.11526782635524829,0.6646375060081482,0.022389666938333146,9.901463625293934e-06,0.0011306075612083077,0.0011306075612083077,0.06304866488150841,0.4936874806880951,0.0164872474077697,0,normal,0.019240479569810728,60,0.39415642540552653,0.01881121147442618
U0535,0.14454734981485814,0.4313191771507263,0.04290880780011276,0.08759049343514022,0.5579302310943604,0.020100745337317004,9.983634856857957e-06,0.0011306075612083077,0.0011306075612083077,0.056174786731339105,0.45605215430259705,0.01577110064302912,0,normal,0.019138067347672223,61,0.361608042527223,0.019977815335416794
U0894,0.07601702403805906,0.3917485475540161,0.025262566095802647,0.11034765129139176,0.631911039352417,0.02273427690967439,0.11955631630460568,0.5143892168998718,0.03025900642782197,0.0578803997418244,0.46278002858161926,0.01628286819683681,0,normal,0.019051310040876988,59,0.500207208096981,0.02363467940753395
U0293,0.06983199992449841,0.28714224696159363,0.031138125735301177,0.14674419382590526,0.6724992394447327,0.027938572452885488,0.06646858823772929,0.5143892168998718,0.016544729889156756,0.04559905082010067,0.4064876437187195,0.014362946291541567,0,normal,0.01876413458101106,61,0.4701295867562294,0.02249609359222125
U0182,0.1054044352931484,0.3291400372982025,0.04100277540467195,0.09540924490021543,0.6690102219581604,0.018259664251499476,0.08999231424555122,0.5143892168998718,0.022400032417833438,0.050767096689676605,0.46683815121650696,0.013923584965067029,0,normal,0.018709214952426445,61,0.4948444068431854,0.02389651425976797
U0343,0.08845357898530341,0.36460596323013306,0.031319586336212527,0.12883045218197234,0.6219602227210999,0.026741163264010066,0.03895602886072231,0.5143892168998718,0.009777035628212616,0.05752697109849921,0.4732165038585663,0.015694084998131075,0,normal,0.01867764947701216,60,0.49354297667741776,0.02088296755664157
U0088,0.07496862888011321,0.4173544645309448,0.023189900178097862,0.12814335294231755,0.5805238485336304,0.02849708202493275,0.07090221079884027,0.5471530556678772,0.01672920576723603,0.059829780126668876,0.500166118144989,0.01544285212662544,0,normal,0.018578056206169806,60,0.5112993717193604,0.02096476002422302
U0753,0.13320076403908446,0.44597771763801575,0.03855830462843907,0.07685384201962417,0.5732590556144714,0.017307687063923063,0.06641308259499933,0.4176695942878723,0.020527929762223115,0.048321247175081385,0.47388654947280884,0.013164007699399842,0,normal,0.018568546276808196,60,0.4776982292532921,0.02238948228849627
U0656,0.12329683123421763,0.42711618542671204,0.037267500062322746,0.09085500395646245,0.6693324446678162,0.017523923527399652,0.04387342054654819,0.3938570022583008,0.014380940810466807,0.055267164119599435,0.4757804870605469,0.014996327931938443,0,normal,0.018453898645361407,60,0.49152152985334396,0.021042173083031912
U0603,0.12048545284676154,0.35222989320755005,0.04416037757673621,0.11890453409061043,0.6050230264663696,0.025371777060625315,1.987195219320061e-05,0.002147251507267356,0.001194763625971973,0.04492602983444832,0.42822375893592834,0.013544146934801422,0,normal,0.018305742666135973,60,0.34690598252927884,0.02106776629953373
U0114,0.11688512934580148,0.44222328066825867,0.03412259365838206,0.09151435254347783,0.5111270546913147,0.02311451135855691,0.044698471426561116,0.40251222252845764,0.01433632949483581,0.06198750979251202,0.5071426630020142,0.015779688216207434,0,normal,0.018233515775184603,60,0.4657513052225113,0.021838280681995552
U0705,0.10393870166538896,0.3179449439048767,0.041856262603421075,0.09192507308521275,0.6719565391540527,0.017515715466139288,0.08779683093852025,0.6217902898788452,0.01807881609658848,0.055961501863697735,0.4916311204433441,0.014574211836967136,0,normal,0.01810307588185375,61,0.5258307233452797,0.023006251500778997
U0745,0.09030803395369215,0.3986901044845581,0.029489331340316265,0.0893700254700582,0.627135694026947,0.01855258184327718,0.1555497131994545,0.5471530556678772,0.03701130342788173,0.04205274916223561,0.44642704725265503,0.012263597492296982,0,normal,0.01807095034098041,59,0.5048514753580093,0.02432920352594304
U0933,0.1120107620735483,0.3571229577064514,0.039833286272292136,0.08569551421118833,0.5708398222923279,0.019065490463617607,0.06039594904133454,0.3885630965232849,0.019740148426799643,0.06688587788793535,0.5252382755279541,0.016172688438877737,0,normal,0.017954683052087507,62,0.4604410380125046,0.023702903400396783
U0465,0.09575864349598637,0.3886319100856781,0.03207846085257126,0.10666743475566622,0.6279634833335876,0.022114211314069737,0.049408967688482804,0.4176695942878723,0.015400928829922894,0.06584767084463553,0.49737539887428284,0.01723574703793035,0,normal,0.017517591917843703,59,0.4829100966453552,0.02170733700862356
U0397,0.061751554274436286,0.334502249956131,0.023636541581835757,0.08816498348887901,0.6549617648124695,0.01723515785457106,0.195645532204657,0.9338813424110413,0.02682336864298301,0.05785699777048776,0.46547460556030273,0.01591457275719863,0,normal,0.017106667259285842,61,0.5972049906849861,0.020902410209147113
U0136,0.10016843467810839,0.43072813749313354,0.03027621901205517,0.0820993270857945,0.6371600031852722,0.01677509876973568,0.1180797099939328,0.5143892168998718,0.02988528598186765,0.053246915996592405,0.5146428346633911,0.013469842655475508,0,normal,0.017055178948746107,59,0.5242300480604172,0.0226016116047835
U0884,0.11120450424401807,0.44651442766189575,0.03188760961755507,0.08046117047741409,0.665108323097229,0.015489202083208548,0.0909698051286836,0.5143892168998718,0.02264334016754368,0.05404271965578349,0.4993506968021393,0.0138569170967963,0,normal,0.01697120915930763,61,0.531340666115284,0.020969267241275902
U0615,0.07195402868616484,0.351941853761673,0.02617696427153935,0.08978833158975372,0.6684229969978333,0.017199016016454644,0.18771809117559993,0.49592018127441406,0.04846513533552528,0.04449877008614881,0.42624804377555847,0.013366591978265587,0,normal,0.016867550834004354,61,0.4856332689523697,0.026301926900446217
U0129,0.09519143240441932,0.4283292889595032,0.028933041094483164,0.11451326824167692,0.6359270811080933,0.023443501822978344,0.04867885743082858,0.4176695942878723,0.015173351192862679,0.05278983286386209,0.49584680795669556,0.013860431772722294,0,normal,0.01669602647117076,59,0.4944431930780411,0.020352581470761622
U0643,0.1069413178319692,0.43579673767089844,0.03141930970914622,0.10412859246515248,0.5999811887741089,0.022221196831658924,0.03846876925487485,0.5143892168998718,0.009575280796003635,0.05524533971066157,0.5079368948936462,0.013925826216792324,0,normal,0.016641943982044338,61,0.5145260095596313,0.019285403388400273
U0227,0.09683055183910128,0.4182678759098053,0.02964100867821016,0.12606161227473867,0.5905945897102356,0.02732929795866748,0.024489502052335237,0.40251222252845764,0.007789973219184846,0.04786095832604984,0.44177907705307007,0.01387111362435492,0,normal,0.01663436563719256,61,0.46328844130039215,0.019657848370104352
U0576,0.09502399502097866,0.4037059545516968,0.03013722166856757,0.09765652165618069,0.653424859046936,0.019135538179851398,0.08817597307433951,0.501978874206543,0.02249054105181369,0.05309718981265249,0.4801779091358185,0.014158082634521708,0,normal,0.016471826534787952,61,0.5098218992352486,0.021480345883688592
U0591,0.1148935320773332,0.4720916450023651,0.031419092813375946,0.09854555979395417,0.6524096131324768,0.01950029062734302,0.04542539447517717,0.4033317267894745,0.014539875790554409,0.04645681961062441,0.4329795241355896,0.013851808891649853,0,normal,0.016377272241182586,60,0.4902031272649765,0.01982776703073081
U0917,0.06927679418818435,0.4189046323299408,0.021174233691983287,0.11741861226733047,0.6501902937889099,0.023122327269992058,0.1338054894944664,0.5001224875450134,0.03425568299650474,0.038051123040971496,0.4471968114376068,0.010894413706678353,0,normal,0.016348924684664753,61,0.5041035562753677,0.02236166441628961
U0133,0.10475673319903712,0.28978341817855835,0.046669461585383945,0.11320252592151642,0.6362483501434326,0.022969620670073708,0.024727087851191463,0.4033317267894745,0.00791470916592516,0.05198385090101336,0.4803037941455841,0.013972586466134846,0,normal,0.016297890698741237,60,0.4524168223142624,0.022881594471879412
U0011,0.07913259978663388,0.301008939743042,0.03312117728877356,0.11016645096396181,0.6679829359054565,0.020778477185423243,0.06986112886791827,0.5471530556678772,0.016086312280672175,0.0677825714081891,0.4907996356487274,0.017399771054328092,0,normal,0.01629307939498795,63,0.5017361417412758,0.02184643445229927
U0814,0.1159985310541275,0.33909425139427185,0.04379929748706001,0.10639486737943056,0.6485380530357361,0.021004884441816876,9.983634856857957e-06,0.0011306075612083077,0.0011306075612083077,0.057854650850855914,0.5140382647514343,0.01441046220193861,0,normal,0.016177892446271856,61,0.37570029418566264,0.02008631292300595
U0284,0.0497807085854145,0.3671072721481323,0.017653957658386406,0.028803214059931987,0.3160161077976227,0.011866037770490855,0.4663107802269733,0.9011789560317993,0.06736563503844821,0.00373788079924312,0.08247588574886322,0.005900277714038381,0,normal,0.016166485638493964,59,0.4166945554316044,0.025696477045340962
U0973,0.11551420026710431,0.42427945137023926,0.034859283763043855,0.08538979292750877,0.6356498003005981,0.017199789348449516,0.041473982907640816,0.38686245679855347,0.013726323856361454,0.0619828478539525,0.5060871243476868,0.015681273177626437,0,normal,0.015750929957833854,61,0.4882197082042694,0.020366667536370314
U0707,0.07876270911987969,0.4035654664039612,0.025195966628962195,0.14127876956269353,0.6481727361679077,0.028139120492475436,0.024633986909852076,0.40251222252845764,0.007900962646817788,0.04850416359462406,0.40838751196861267,0.015333134365295108,0,normal,0.015726786697804994,60,0.4656594842672348,0.019142296033387633
U0137,0.10688635265832518,0.4350975751876831,0.03171465340113476,0.08714545687631484,0.5487226843833923,0.02050294333763342,0.06488609656161567,0.5143892168998718,0.01628486517777977,0.05900703699456515,0.4918869435787201,0.015486842696433693,0,normal,0.01570642861235234,60,0.49752410501241684,0.02099732615324541
U0698,0.12855216515423692,0.407993346452713,0.04067716619156272,0.07116603457936639,0.6273146867752075,0.014645752365977198,0.06683589163115361,0.4033317267894745,0.021393002171923095,0.04610606174014855,0.44822704792022705,0.013279580077950943,0,normal,0.015207863341423534,60,0.4717167019844055,0.022498875201853487
U0068,0.09262145217731942,0.32876619696617126,0.036370460740242076,0.11740604883853947,0.606968104839325,0.02497174993053098,0.047818264053591776,0.4176695942878723,0.014780370485580837,0.04522936378068979,0.45825788378715515,0.012741921007046624,0,normal,0.015149991669988837,60,0.4529154449701309,0.022216125540850132
U0907,0.0752127643351324,0.3052457869052887,0.03181018883672853,0.09899082965722429,0.6339219808578491,0.020159675073940283,0.13037350491403693,0.623164176940918,0.027009169867960738,0.048999833979146375,0.5002966523170471,0.012644200868241267,0,normal,0.014993612938830716,60,0.5156571492552757,0.022905808661717705
U0835,0.11730603550800812,0.4391445815563202,0.03448555373433919,0.07342672190119551,0.6692103147506714,0.01416497747776475,0.07223273100655166,0.5471530556678772,0.01704313880375897,0.053344547977831225,0.5159993767738342,0.013346433815536567,0,normal,0.01471023164851788,60,0.5428768321871758,0.01976002595784987
U0867,0.0916253175732266,0.38617143034935,0.029892695444903524,0.08865637331295385,0.6483694911003113,0.0172272959981886,0.09881514102597855,0.3938570022583008,0.03160928330931162,0.05473213968320333,0.49238553643226624,0.014004476033098024,0,normal,0.014660059977633087,63,0.48019586503505707,0.02318343769637544
U0849,0.08499380629841799,0.4617345631122589,0.02417023634746217,0.01206928737859032,0.22822462022304535,0.0069439268703470995,0.3947017846796308,0.9115462899208069,0.056856008260591145,0.00671418441583722,0.12005550414323807,0.007343400133941972,0,normal,0.014617085367471134,58,0.4303902443498373,0.023828392903085596
U0522,0.09065891783514134,0.421224981546402,0.028020146716670583,0.08617905667036706,0.6627468466758728,0.016928873511120456,0.12614319475609723,0.7678738832473755,0.0213869041664589,0.04397737151284138,0.4440560042858124,0.012893342393296071,0,normal,0.014522631009029514,59,0.5739754289388657,0.019807316696886505
U0391,0.08687865261465318,0.4196156859397888,0.026954753004648117,0.08370569317381943,0.6333402991294861,0.017206473442749514,0.1255060854974015,0.541157603263855,0.030193608098316116,0.0526515931897157,0.48940008878707886,0.014006236892524705,0,normal,0.014477788247683962,59,0.5208784192800522,0.022090267859559615
U0550,0.09579815434469396,0.4309878349304199,0.028937840879249145,0.09617334809914518,0.5808814167976379,0.02155466346889394,0.0623046157126762,0.3938570022583008,0.020594708288041084,0.05746475758157669,0.4860112965106964,0.015393210534475425,0,normal,0.014476034811964857,59,0.47293438762426376,0.0216201057926649
U0403,0.08838042737421913,0.43508970737457275,0.02644546951317244,0.09247005500175894,0.6765403747558594,0.01779431976008852,0.09106820815046639,0.5143892168998718,0.02304883239104144,0.05723278760406224,0.471638560295105,0.015798272062206936,0,normal,0.014450137740978797,59,0.5244144648313522,0.020771723431627333
U0488,0.04496173545725508,0.3144659101963043,0.01861416193359049,0.10589847401893401,0.648730456829071,0.021251980482687078,0.19262183781979475,0.5143892168998718,0.04875146381959509,0.044953466467749725,0.4289320409297943,0.01364421933032329,0,normal,0.014257083178879549,59,0.4766294062137604,0.025565456391548988
U0857,0.13631941809449366,0.43851250410079956,0.040818942110226686,0.02842146308015668,0.21785703301429749,0.01713013751300266,0.20915479584081617,0.6206110119819641,0.044252147685318925,0.009982508927558725,0.12306626886129379,0.010650909062217674,0,normal,0.014186286387249308,58,0.35001170448958874,0.028213034092691488
U0816,0.06951739821736118,0.32073575258255005,0.027981469002608606,0.10541021298676947,0.6610150933265686,0.020587124436317102,0.09934653849385373,0.5404101014137268,0.023733055574120955,0.060674381530326664,0.5227451324462891,0.014984413029264943,0,normal,0.014185575985390933,60,0.5112265199422836,0.021821515510577903
U0144,0.08056229297539,0.31409040093421936,0.03284068727388163,0.09267538678061846,0.6505356431007385,0.018240149476524924,0.11740494471065628,0.5143892168998718,0.02922332412028899,0.051651149495143676,0.4891604483127594,0.01351959678898117,0,normal,0.01406206207767063,61,0.4920439273118973,0.02345593941491918
U0325,0.08490628402877787,0.44379112124443054,0.024699354290047874,0.11143973902590003,0.5975518822669983,0.02407624989903733,0.06985647064000938,0.4176695942878723,0.02159226264921017,0.04506790117802728,0.43160131573677063,0.013480591489320659,0,normal,0.013868040591550494,60,0.47265347838401794,0.020962114581904008
U0881,0.06525690349081412,0.3223748803138733,0.025917932280924,0.10576915275592035,0.6029244661331177,0.02246110926442971,0.1084303769535064,0.5471530556678772,0.025373315585578683,0.059194346279507655,0.4817750155925751,0.01573153269057233,0,normal,0.01381485793755262,61,0.4885568544268608,0.02237097245537618
U0402,0.0916388962558088,0.3260391354560852,0.03628561528021237,0.07363285520905043,0.6629929542541504,0.014337951362754826,0.11539514007946781,0.6060946583747864,0.024579409040355434,0.05998361779236405,0.5337802171707153,0.014507566053214304,0,normal,0.013647642189778432,60,0.5322267413139343,0.022427635434134233
U0956,0.08366282201284436,0.28993502259254456,0.03606964297756576,0.08762333281527102,0.6236848831176758,0.0175616194946997,0.12146006269722538,0.5471530556678772,0.02774819162550557,0.04877552110381262,0.4460833668708801,0.013667714581569124,0,normal,0.013538829190464752,64,0.4767140820622444,0.02376179216983504
U0935,0.09931502774789606,0.44492366909980774,0.029060524769763212,0.015214513407785119,0.20389536023139954,0.009714595415092992,0.3447162558343096,0.9263940453529358,0.048444000875845675,0.002259155054293243,0.044169388711452484,0.006658840994532511,0,normal,0.013401763309938657,59,0.4048456158488989,0.023469490513808595
U0307,0.08360284535106029,0.4210086762905121,0.025219366191482982,0.09632163524232863,0.6472584009170532,0.018899499629993082,0.09044628597257676,0.4176695942878723,0.027501857837647078,0.05312854958587321,0.45343872904777527,0.014880362246319948,0,normal,0.013399609698899908,62,0.4848438501358032,0.021625271476360772
U0833,0.10034140698305359,0.42100435495376587,0.030516075491898338,0.09631180886734392,0.668876051902771,0.018436096602634327,0.04727216532473553,0.4176695942878723,0.01449131236419265,0.05253495668171729,0.46610212326049805,0.014431197811080619,0,normal,0.01336152867382922,61,0.4934130311012268,0.019468670567451482
U0589,0.09787262025505215,0.3534899353981018,0.03574444327253635,0.09251882534205194,0.6291273236274719,0.01898523326430374,0.06398328203668885,0.5143892168998718,0.016058280229723703,0.05103933863707324,0.44918081164360046,0.014669260382362381,0,normal,0.013190345586191534,60,0.4865468218922615,0.021364304287231545
U0338,0.0857373099270932,0.3329988420009613,0.03351977725436481,0.09516551901707068,0.637805700302124,0.019425187447977495,0.0989473176309051,0.5471530556678772,0.023543400504484266,0.045214204920238775,0.4362097680568695,0.013494397719819688,0,normal,0.013086147741785696,59,0.488541841506958,0.022495690731661563
U0420,0.04486232017793919,0.31102821230888367,0.0187782856245807,0.10194538134124616,0.5829660892486572,0.022766604132063946,0.15600694962148945,0.6056159734725952,0.03353672255406756,0.06138946990939983,0.46658340096473694,0.017129259670767522,0,normal,0.012814294607614775,59,0.49154841899871826,0.02305271799536993
U0253,0.06602919566428746,0.29068997502326965,0.029324480505480702,0.07589606689428248,0.6645729541778564,0.01474351317269793,0.17755001204263704,0.5143892168998718,0.04456082522519864,0.05356246293166887,0.5087661147117615,0.013591479523862896,0,normal,0.012647267680325222,60,0.49460456520318985,0.025555074606810044
U0657,0.12178233863846091,0.4381641447544098,0.03529812436417776,0.0701007115265056,0.6540162563323975,0.013612504552402389,0.04509819228964456,0.40251222252845764,0.014229322310477015,0.05327541788371811,0.4814237356185913,0.014054115608834008,0,normal,0.012550297912414424,62,0.49402908980846405,0.01929851670897279
U0862,0.06196274758366946,0.3021063506603241,0.026260675604276675,0.12793354511551766,0.6425659656524658,0.02549187605775648,0.05818472888315966,0.3831886947154999,0.019441573430219145,0.05193845007193852,0.5137924551963806,0.012943041550152273,0,normal,0.012275905164120571,61,0.4604133665561676,0.021034291660601143
U0015,0.05751264860423266,0.28987327218055725,0.02583028450013151,0.08934049243977238,0.6685945391654968,0.0173964050495265,0.16540969198230526,0.49638158082962036,0.043382970876676044,0.050681462216940636,0.412491112947464,0.015995894616472946,0,normal,0.012098982188243934,59,0.4668351262807846,0.02565138876070175
U0329,0.0486480529175226,0.4003162682056427,0.015688686982379827,0.09462325769254247,0.6850164532661438,0.017832870994546588,0.16252160243014016,0.5409740805625916,0.038784572879861416,0.05700013631774743,0.530980110168457,0.013858684751873322,0,normal,0.011996299958128462,60,0.5393217280507088,0.02154120390216529
U0132,0.07687631934612252,0.33403605222702026,0.029962167943128823,0.11649285969356299,0.595763623714447,0.02545653668142731,0.056139002269882936,0.6217902898788452,0.011754245262482536,0.04517363556013079,0.46507754921913147,0.012645431774749109,0,normal,0.011963029775410056,59,0.504166878759861,0.019954595415446943
U0205,0.056934421864017884,0.33794429898262024,0.02193329019638379,0.09284372674568206,0.6469013094902039,0.018684803229022644,0.1493942893589155,0.5143892168998718,0.037810823398689596,0.05451660741607553,0.5170165300369263,0.013727719207277698,0,normal,0.011961045800514233,59,0.5040628388524055,0.02303915900784343
U0796,0.052913551384805003,0.31677642464637756,0.021933102155674667,0.014219218063957286,0.24945718050003052,0.007484550247422255,0.4513990929669013,0.8954101800918579,0.06619491939159945,0.0024376567562027405,0.04156164079904556,0.007701332455592913,0,normal,0.01195338369906396,58,0.3758013565093279,0.025828476062572322
U0800,0.09374882215609831,0.396176278591156,0.030549332587361276,0.07456127687080295,0.6694799065589905,0.014378055799405588,0.09106746338402401,0.6369830369949341,0.018456942000193523,0.058157335337431386,0.481180340051651,0.015603463156003273,0,normal,0.011944977219758053,60,0.5459548905491829,0.01974694838574092
U0261,0.08257775724896627,0.31029531359672546,0.03435676322718185,0.08779306375105006,0.6258075833320618,0.018111055372106992,0.09032369253370776,0.4176695942878723,0.02791857181970651,0.056196182243501376,0.49014678597450256,0.01480147608685532,0,normal,0.011866012964011501,60,0.4609798192977905,0.02379696662646267
U0828,0.08117118788063636,0.33243054151535034,0.030521860111974775,0.09958351772376896,0.6626086235046387,0.018786262770973394,0.08184485726541246,0.7678738832473755,0.013323290948392241,0.0454919941116382,0.43522900342941284,0.013065533820466158,0,normal,0.01162876546354664,64,0.5495355129241943,0.018924236912951642
U0877,0.10012081738167641,0.42906454205513,0.02963506716712565,0.07697167593364708,0.669703483581543,0.014596627998278036,0.06632560865477839,0.4176695942878723,0.020167521978428048,0.056849011779452396,0.46952924132347107,0.015376745643093713,0,normal,0.011588462510782499,62,0.4964917153120041,0.019943990696731362
U0476,0.07044231423504604,0.32419127225875854,0.028051537599988782,0.11325746786213853,0.610913097858429,0.023933807083274892,0.06320788467251758,0.4952423572540283,0.016476988899133477,0.05206122544441351,0.4733578860759735,0.014198718352467428,0,normal,0.011574129861859945,60,0.47592615336179733,0.020665262983716143
U0516,0.10820505247959404,0.3572184145450592,0.03878365937575407,0.09288271675715204,0.5899853110313416,0.020157134475920716,0.0209111143073682,0.3695208430290222,0.0072455827116233405,0.0476134375700412,0.4753885269165039,0.012823776015146742,0,normal,0.011423194096238631,61,0.4480282738804817,0.01975253814461122
U0633,0.0820770425402178,0.3577467203140259,0.029619001453056626,0.07268777770082246,0.6732345819473267,0.013938606247955043,0.1267635589591778,0.5471530556678772,0.029909556242637338,0.0541053912721043,0.46220603585243225,0.015112256085133897,0,normal,0.011390187139648632,60,0.5100850984454155,0.022144855007195728
U0943,0.05304675116263167,0.26739418506622314,0.025611275449937902,0.08198727011931704,0.5983434915542603,0.017689690300816588,0.16257073522430826,0.6217902898788452,0.033753810588192816,0.0622137889868073,0.5178675055503845,0.01550930602054829,0,normal,0.011225413485748837,60,0.5013488680124283,0.023141020589873898
U0434,0.08472001263287236,0.36325669288635254,0.030363118970545673,0.12226427074992455,0.6226328015327454,0.025564750558616605,9.818604732392917e-06,0.0011306075612083077,0.0011306075612083077,0.0509835167416608,0.4742271900177002,0.01399643179953828,0,normal,0.011153710025350998,59,0.3653118229995016,0.017763727222477217
U0449,0.10489175955394812,0.31565722823143005,0.04289928035577759,0.08832287870130767,0.6584987044334412,0.017315804166670053,0.021030717940258934,0.3695208430290222,0.0073474989641302575,0.05591265351376897,0.5088300108909607,0.014186058950015953,0,normal,0.011095781000822796,60,0.46312669664621353,0.020437160609148464
U0938,0.0998185454380438,0.45017245411872864,0.028867309866190596,0.10564666346738655,0.5401126742362976,0.0254651014902111,9.818604732392917e-06,0.0011306075612083077,0.0011306075612083077,0.04987906057695584,0.4497661590576172,0.01443794835713407,0,normal,0.010891423443868758,59,0.36029547374346294,0.017475241818686017
U0486,0.07301790227489571,0.3595147430896759,0.02622026170195492,0.09127125304434991,0.6537089347839355,0.018024945773207495,0.10270051889131866,0.4033317267894745,0.032872643277126676,0.05139832210779055,0.467286080121994,0.014200069580110154,0,normal,0.010872469508106702,60,0.47096037119627,0.02282948008309981
U0298,0.04764167698658392,0.32430800795555115,0.01912508446301957,0.07634330157411327,0.6293656229972839,0.015792173784899142,0.19918861254079087,0.541157603263855,0.04791977122757521,0.05497553920005318,0.4782773554325104,0.01496455037593447,0,normal,0.010854188893946942,59,0.4932771474123001,0.0244503949628571
U0086,0.0929581816567032,0.31867334246635437,0.03734882701968165,0.09638840544633313,0.6623889803886414,0.01863145532375025,0.0209111143073682,0.3695208430290222,0.0072455827116233405,0.06015051065189709,0.49289944767951965,0.01562485765909559,0,normal,0.010834242478973712,61,0.4608706533908844,0.01971268067853771
U0634,0.07594004933088835,0.3059096336364746,0.03178431114670797,0.10293558797556226,0.6485683917999268,0.020320989559594205,0.07200001259952775,0.5471530556678772,0.016848406260146102,0.04767053586975817,0.4369845390319824,0.013967511736259215,0,normal,0.01078726967453956,61,0.48465390503406525,0.020730304675676874
U0482,0.08360029408268203,0.30848485231399536,0.03498632583215719,0.06471274222313077,0.5810009837150574,0.014379285631899327,0.12855719504988883,0.5471530556678772,0.03033276035566814,0.05609603162198426,0.4958075284957886,0.014606406974053243,0,normal,0.010636924216071101,60,0.4831116050481796,0.023576194698444478
U0354,0.06895193200156134,0.3227280378341675,0.0278152992146278,0.08178488310282836,0.6014162302017212,0.017704019830459067,0.11797967988328734,0.4984983205795288,0.030811831068989458,0.05941441990935697,0.45241019129753113,0.017097533993148964,0,normal,0.01059488240690534,59,0.46876319497823715,0.02335717102680632
U0370,0.08459844652411809,0.35242998600006104,0.030485525861525187,0.10330523606060904,0.6494872570037842,0.0202002086384361,0.02338968370593193,0.3938570022583008,0.007542059133430162,0.05961921814563473,0.5041019320487976,0.01502007390722464,0,normal,0.010594640010078201,62,0.4749690443277359,0.018311966885154022
U0387,0.07642745339907686,0.3265852630138397,0.0299631789387261,0.08365815180776022,0.6714223623275757,0.01595319033057809,0.10718981810370345,0.5471530556678772,0.025083017865669164,0.05151303100149563,0.5035092830657959,0.013099197943598134,0,normal,0.010501726178939932,61,0.5121674910187721,0.02102464626964287
U0016,0.09443620133901227,0.3915071189403534,0.031140330734812476,0.07009445231613241,0.6538844108581543,0.013839074204039055,0.06472492651070508,0.4033317267894745,0.02071731908751341,0.06605054737356926,0.5141736268997192,0.01658406529121142,0,normal,0.010387537776196281,60,0.49072422087192535,0.020570197329394094
U0323,0.05925308562622434,0.3154401183128357,0.02405077784828418,0.08518382482905229,0.6021027565002441,0.018114301976057786,0.1295391381126224,0.5471530556678772,0.03031288393864744,0.060472676685953006,0.5137941837310791,0.015069716803397613,0,normal,0.010349699368381067,61,0.49462252855300903,0.021886920141596752
U0968,0.09042805477906503,0.41967469453811646,0.0280520367966373,0.09126201848398177,0.5617038607597351,0.021152254115311395,0.04554928206975706,0.40251222252845764,0.014732500273829042,0.05349302784170913,0.5098152160644531,0.013660241633310838,0,normal,0.010330712687452295,59,0.4734264984726906,0.019399258204772143
U0674,0.08462311924555747,0.3167857527732849,0.03420254876848838,0.10420504182756513,0.6383223533630371,0.020901803545786576,0.04395259773238581,0.4033317267894745,0.013952667506213193,0.04474255601274313,0.4550211429595947,0.012589958424422414,0,normal,0.010250170730282303,61,0.4533652439713478,0.020411744561227643
U0262,0.09285803714662096,0.32184067368507385,0.036941425758324514,0.06958537017999093,0.6610794067382812,0.013477191387310681,0.10997094084507772,0.6708067059516907,0.020990154129590412,0.04324626038238734,0.46237626671791077,0.011975347020794646,0,normal,0.010198931826536882,61,0.5290257632732391,0.02084602957400506
U0056,0.08629379695968732,0.4084598124027252,0.02750453070155468,0.09200292468043751,0.6023902893066406,0.019883721208360593,0.0484105107154398,0.4176695942878723,0.015089706687446115,0.053670921857153574,0.47536221146583557,0.014699020450896537,0,normal,0.009935458657456406,59,0.47597047686576843,0.019294244762064483
U0641,0.10050381990903542,0.40888550877571106,0.03200035849288925,0.07611002842312198,0.5791056156158447,0.01711031882256659,0.04867885743082858,0.4176695942878723,0.015173351192862679,0.05459174971456529,0.5090246200561523,0.01396246893341413,0,normal,0.009932948109548893,59,0.4786713346838951,0.019561624360433162
U0291,0.09987125258886256,0.4357907772064209,0.029586039775100895,0.08416343787436119,0.6178953647613525,0.01758461663234622,0.047818264053591776,0.4176695942878723,0.014780370485580837,0.0442136705353986,0.4534984529018402,0.0125865045082719,0,normal,0.009800876979005557,60,0.4812135472893715,0.01863438285032496
U0108,0.09680368689363529,0.3103075325489044,0.04061379519888012,0.061647759067639224,0.5984110236167908,0.013411943130519167,0.12156647321610961,0.5876911282539368,0.02693014408232865,0.038761605776826885,0.4002653658390045,0.01260746413413857,0,normal,0.009793002558693068,59,0.4741687625646591,0.023390836636466628
U0301,0.12424105385875296,0.3993084728717804,0.040507048058994556,0.021320574522604056,0.24058566987514496,0.011537272274046113,0.21244054607484633,0.6801221370697021,0.04066534793414807,0.0043479371133680516,0.08837699890136719,0.006404983251742178,0,normal,0.009719524725148646,59,0.3520983196794987,0.024778662879732728
U0517,0.07112030183114902,0.3193204402923584,0.028753535092324492,0.108322980156042,0.6215169429779053,0.022500491359402967,0.04094199470435945,0.3831886947154999,0.013793697103392333,0.054951270721271754,0.48077648878097534,0.014755668612667704,0,normal,0.009638380421906892,60,0.4512006416916847,0.019950848041946873
U0007,0.1658429135235905,0.5093532204627991,0.039484205727357564,0.053537847415319625,0.30887702107429504,0.021019425855656467,0.020435141543558154,0.3695208430290222,0.006706319711691535,0.004501312499232886,0.0722871646285057,0.00755133118096317,1,email_exfil,0.009523511248225454,68,0.3150095622986555,0.018690320618917185
U0356,0.09963928995302539,0.44068005681037903,0.029688840087530855,0.02087315025237481,0.21232327818870544,0.01290851820660213,0.2768201143772646,0.9115462899208069,0.039875387750036115,0.0033070787687626505,0.06615447998046875,0.006564040960499589,0,normal,0.009515178094013,58,0.40767602622509,0.022259196751167172
U0215,0.06615060713593468,0.3198365867137909,0.02648138985716182,0.10514874442644626,0.6452206373214722,0.020865602224244967,0.06458713714596083,0.5143892168998718,0.016076416947084983,0.051767358236773996,0.4339238405227661,0.01527487179091119,0,normal,0.009435192932121094,61,0.47834257036447525,0.019674570204850743
U0817,0.15962832590557,0.44379082322120667,0.0472299672757813,0.0069577629404097875,0.1442442089319229,0.006333696438516732,0.15339764355332694,0.5143892168998718,0.039157308750496854,0.0026227342233407485,0.0527508482336998,0.006528461375261464,0,normal,0.009399241155914822,58,0.2887937743216753,0.024812358460014085
U0447,0.04566695273221171,0.28533679246902466,0.020661822808695735,0.1337979141413504,0.6474199295043945,0.02668011232541782,0.04130400607150252,0.38686245679855347,0.013783514427874859,0.053145721766737576,0.45668691396713257,0.015023603627901139,0,normal,0.009209535273664655,60,0.4440765231847763,0.01903726329747239
U0630,0.0845665486344014,0.42985451221466064,0.025398115346812727,0.10272440148417841,0.667748749256134,0.019860259148896376,0.043280490958836404,0.39255446195602417,0.014233661563290903,0.038585435608504054,0.43367069959640503,0.011486499599578792,0,normal,0.00920772934020769,60,0.48095710575580597,0.0177446339146447
U0650,0.09483863564196082,0.45360708236694336,0.026991675593020167,0.006256355629603794,0.16637325286865234,0.0048546988460410985,0.3216747168471254,0.9263940453529358,0.04482760611766328,0.0017365165611581918,0.042075373232364655,0.005328136314352605,0,normal,0.009091179905826273,60,0.39711243845522404,0.02050052921776929
U0151,0.11071039559951798,0.42194604873657227,0.033594374615292556,0.010096555756858873,0.14537593722343445,0.008892334741683387,0.2701805500882291,0.9338813424110413,0.03704225909743519,0.0009669430317702535,0.02814626321196556,0.004398607656311782,0,normal,0.008980011557799712,61,0.3823373978957534,0.02098189402768073
U0267,0.08048925465519385,0.4372188448905945,0.02396696421408829,0.0072851576735135,0.15452724695205688,0.006137731452192227,0.3520921993727241,0.6860790252685547,0.06681227426131461,0.002138274904188895,0.04768268018960953,0.005838171848709107,0,normal,0.008855629031732856,59,0.3313769493252039,0.02568878544407606
U0429,0.08498225654655053,0.4391177296638489,0.025195401335668836,0.02271462806479053,0.2051994502544403,0.014411309033346436,0.30250660601292617,0.7090065479278564,0.05554674454901557,0.001856132365802219,0.04473297670483589,0.005402006956401083,0,normal,0.008843673970503544,59,0.3495141761377454,0.025138865468607982
U0570,0.05548602246224108,0.30602213740348816,0.023407504956655126,0.10065083579872389,0.6481710076332092,0.020047127802159063,0.1001403264817251,0.5471530556678772,0.023627868700229253,0.048260535773648694,0.4679948091506958,0.013312986075607113,0,normal,0.008818150025910616,60,0.4923352524638176,0.020098871883662637
U0140,0.08080133520109065,0.4258366525173187,0.024496265076855175,0.09039452155818924,0.6570307016372681,0.017761548316836222,0.022295070580632195,0.3831886947154999,0.007511393929598853,0.06726285336103804,0.5003492832183838,0.017355070389364378,0,normal,0.008738838712165381,60,0.4916013330221176,0.016781069428163656
U0572,0.08247067980613686,0.336736798286438,0.03188474810726263,0.08894923084074578,0.6703654527664185,0.017274463425807834,0.043714856343560975,0.5471530556678772,0.010401458023668472,0.05531400312738966,0.48001551628112793,0.015002160523759443,0,normal,0.008733697665212025,59,0.5085677057504654,0.018640707520124592
U0197,0.09963407438742354,0.4156789779663086,0.03120497385877524,0.07013394546186932,0.6523252129554749,0.013997101140857613,0.0389972423533487,0.3695208430290222,0.013739437460741502,0.058293627570568156,0.5053821206092834,0.015016724140111164,0,normal,0.00869509213492105,59,0.4857267886400223,0.01848955915012138
U0538,0.09356589761529077,0.4345473349094391,0.027797444537888318,0.06521507520942466,0.6403467059135437,0.013147924287225502,0.08654919128608848,0.4033317267894745,0.02770288526080549,0.04707489624659942,0.4296712577342987,0.014144169207323405,0,normal,0.008610128945122567,60,0.476974256336689,0.020698105823310678
U0732,0.09024260855420022,0.39052242040634155,0.03008428279102545,0.06933429224170172,0.6491891145706177,0.013904355137783877,0.0650092531395905,0.40251222252845764,0.021026650611390123,0.05715082975414719,0.4936479330062866,0.01507228895304244,0,normal,0.00853767654346439,59,0.4839679226279259,0.02002189437331047
U0919,0.20529057071232668,0.4346623718738556,0.06047168067558888,0.012262763483788778,0.19231773912906647,0.00816402055748827,9.983634856857957e-06,0.0011306075612083077,0.0011306075612083077,0.005756906433383776,0.08981052786111832,0.008207237562793417,0,normal,0.00851434393304825,61,0.17948031160631217,0.019493386589269718
U0504,0.12751899785081636,0.4242887496948242,0.03912797469059623,0.026049569419737528,0.2390555590391159,0.014186514163931583,0.17516775218370367,0.5265359282493591,0.04331119240348433,0.0027834817394010764,0.04867467284202576,0.00744490790033123,0,normal,0.008502624322610477,59,0.30963872745633125,0.02601764728958584
U0910,0.11319413243334764,0.3647286295890808,0.03941469911728012,0.056923909410331215,0.595299243927002,0.012144049901306266,0.04529492975386635,0.4033317267894745,0.014262358870192041,0.048625809921379146,0.48568856716156006,0.012714905091533798,0,normal,0.008192734983954921,62,0.4622620418667793,0.019634003245078056
U0773,0.0769891862380025,0.4154393672943115,0.023924697530057416,0.08330077610879322,0.6652320027351379,0.01616591491234279,0.08836848254514702,0.6217902898788452,0.018347539719737446,0.04028139431951778,0.35090380907058716,0.01481974692482595,0,normal,0.00807063540286701,60,0.5133413672447205,0.0183144747717409
U0235,0.05129763288494179,0.3367820382118225,0.01982998557952854,0.08773257295580313,0.5769246816635132,0.019797745691392293,0.12531232447134244,0.5143892168998718,0.03171581852691785,0.050085948100311806,0.42961061000823975,0.015178012103789978,0,normal,0.008008588024414351,59,0.4644266366958618,0.021630390475407168
U0125,0.06077346623591525,0.28211453557014465,0.02758186487565462,0.09751545284579503,0.6042062044143677,0.020664425880433972,0.07893365189696169,0.38686245679855347,0.026124061234142692,0.04865074387045818,0.4343033730983734,0.014342714879575636,0,normal,0.008006462690495696,61,0.4268716424703598,0.022178266717451732
U0163,0.07684754647542187,0.3384154140949249,0.02907468061857053,0.08913965932355596,0.6500757336616516,0.01755666804201871,0.04497573990663005,0.40251222252845764,0.014306530554885746,0.054501815602318,0.4684489965438843,0.014896482801506237,0,normal,0.00792114094113622,61,0.4648630917072296,0.018958590504245306
U0241,0.07674968488576989,0.27732670307159424,0.035433984826445115,0.09156150962338791,0.6608119606971741,0.017740674672044494,0.04506097524245618,0.4033317267894745,0.014304519812271122,0.05003188750053292,0.439899742603302,0.014562242602853045,0,normal,0.007787366667257627,61,0.4453425332903862,0.020510355478403446
U0580,0.10321069371897036,0.3869301676750183,0.034436299821748166,0.07195071006869842,0.6486563086509705,0.014320059181181932,0.02248922363159098,0.3831886947154999,0.007576805700470383,0.050337842165381695,0.46528178453445435,0.013966993111898774,0,normal,0.007730086969189947,60,0.47101423889398575,0.017575039453824815
U0408,0.06278977441146742,0.31280583143234253,0.025700949277454695,0.09160679242203841,0.6289420127868652,0.018648854177202145,0.08793105105593843,0.6217902898788452,0.01810645423333359,0.04597803679445037,0.44567644596099854,0.01320887480133173,0,normal,0.007725568875842906,61,0.5023036450147629,0.01891628312233054
U0682,0.06940696206581044,0.30937856435775757,0.02872419712391883,0.08541023314982948,0.6268517374992371,0.017445368837090733,0.0704903158571897,0.4176695942878723,0.02160885118589294,0.05341163432345379,0.49150776863098145,0.0139136336134418,0,normal,0.007646616407743826,61,0.4613519161939621,0.020423012690086076
U0360,0.06918031563765945,0.2759285271167755,0.032367586049633704,0.07283852080592966,0.5654123425483704,0.01663107062551224,0.09171485815009595,0.4176695942878723,0.02834857369501454,0.058375959072331896,0.5052289366722107,0.014916611783640595,0,normal,0.00758667584665946,60,0.4410598501563072,0.023065960538450267
U0887,0.0528328173136521,0.31432580947875977,0.021699418821541864,0.08731879083280972,0.6617898941040039,0.01703381620659267,0.11830200865919914,0.6217902898788452,0.024562499437403556,0.047775717737554645,0.4862596392631531,0.01268420847698053,0,normal,0.007572619185508412,60,0.5210414081811905,0.018994985735629653
U0923,0.05000495506301862,0.32332006096839905,0.019966629723588387,0.1129895918039333,0.6189835667610168,0.023565881812839962,0.06557163906865451,0.5143892168998718,0.016456920022998627,0.04588384836232978,0.4210655391216278,0.014068069699071846,0,normal,0.007560749230888383,60,0.4694395959377289,0.018514375314624704
U0500,0.057305285799123896,0.24707847833633423,0.030194911357181133,0.10388161583919196,0.6391550302505493,0.021159552529424974,0.044053887276120175,0.5471530556678772,0.010482126618025162,0.05870776608418506,0.4744679033756256,0.016108782234245524,0,normal,0.007512917670346458,59,0.4769636169075966,0.019486343184719198
U0663,0.07786957133860654,0.4319646954536438,0.02346894271178857,0.019674799901142022,0.1762433797121048,0.014533543200768382,0.302831849827558,0.9115462899208069,0.043251065991155926,0.0021324696504140027,0.03972934931516647,0.006987879395776456,0,normal,0.007459378946024692,59,0.3898709286004305,0.022060357824872333
U0771,0.06941921935885384,0.2503451704978943,0.03610060682015084,0.09279660698314791,0.6400739550590515,0.01887452084304379,0.046761392669435096,0.4176695942878723,0.014575671465767517,0.05422188622603329,0.487752765417099,0.014472677183197249,0,normal,0.0074471394808310895,59,0.4489603713154793,0.021005869078039852
U0744,0.0671092030924978,0.30190300941467285,0.02918775167965013,0.009554721397569852,0.2054143249988556,0.0061076382267417325,0.3487303352555356,0.901340126991272,0.05080272694086206,0.004550867049185582,0.08149462193250656,0.0073324853159304785,0,normal,0.007319875955663957,58,0.37253802083432674,0.0233576505407961
U0435,0.03324203935907129,0.22559790313243866,0.019022910976271134,0.03678901203506808,0.29428234696388245,0.016139061959287916,0.3721065868364645,0.9323806166648865,0.051522686053067444,0.0033429326596422586,0.05653126537799835,0.007634195833471343,0,normal,0.007302308847018451,60,0.3771980330348015,0.023579713705524457
U0222,0.0981803708537401,0.4487636089324951,0.028011871070986193,0.027207165779944194,0.2478836476802826,0.014053047269879274,0.2271301914498949,0.6867449879646301,0.0423462006442829,0.0019771168877730145,0.04236431047320366,0.005975404172651727,0,normal,0.007254932283034873,61,0.3564391387626529,0.022596630789450022
U0871,0.03583824919620364,0.2743626534938812,0.016863439748639544,0.13767588228301839,0.6412765979766846,0.0277164019883107,0.024727087851191463,0.4033317267894745,0.00791470916592516,0.05101578979158115,0.4605971574783325,0.014299068144358293,0,normal,0.007193943180068278,60,0.4448920339345932,0.016698404761808425
U0319,0.10345999692377242,0.4391701817512512,0.03041333115153672,0.01723509530134923,0.1978113204240799,0.011248300809970146,0.23386349406955412,0.7165996432304382,0.04213182011153549,0.0026261499862146004,0.05821935459971428,0.00582339855372993,0,normal,0.007116669877093432,60,0.3529501250013709,0.02240421265669307
U0078,0.14803875394981256,0.45272016525268555,0.04257156106339336,0.019633548013002437,0.22976873815059662,0.011124534412628355,0.10902298838561866,0.41234290599823,0.03442179778851253,0.0030907295711409305,0.06524313986301422,0.006167372046285768,0,normal,0.00706040907228203,59,0.2900187373161316,0.023571316327705004
U0388,0.07575131484292907,0.30564063787460327,0.03226659011493289,0.10624341114730305,0.6557287573814392,0.02109365166687262,9.818604732392917e-06,0.0011306075612083077,0.0011306075612083077,0.04810885181934239,0.4833276867866516,0.012958576961602252,0,normal,0.007040977066751352,59,0.3614569224009756,0.01686235657615402
U0990,0.09450962491352158,0.30061861872673035,0.04058677457578597,0.07702214117712462,0.6595543026924133,0.015076113715504864,0.02248922363159098,0.3831886947154999,0.007576805700470383,0.048158503178915686,0.42112740874290466,0.01476331366058427,0,normal,0.007018753648717576,60,0.44112225621938705,0.01950075191308637
U0721,0.06036747024104831,0.32249537110328674,0.024165949637911886,0.03638775818545389,0.21945540606975555,0.021405895011048413,0.2996230641531305,0.7658694982528687,0.05050621723639779,0.0010509142918242696,0.030161578208208084,0.0044981880837821585,0,normal,0.006982971385867322,60,0.33449546340852976,0.02514406249228506
U0052,0.079600030047958,0.3358100354671478,0.03085983184382327,0.07107766708394427,0.6518966555595398,0.014194771508336266,0.03920906327932195,0.5143892168998718,0.009923585256466926,0.06688864492777563,0.4814763367176056,0.018086371387422116,0,normal,0.006920991450747472,59,0.49589306116104126,0.018266139999012145
U0804,0.07200227911660206,0.32467934489250183,0.02887124929191706,0.08135986181279516,0.6396715044975281,0.016558736370910283,0.06558534400273841,0.4033317267894745,0.02116988063395276,0.04976231680740578,0.5010824799537659,0.01292901287156691,0,normal,0.0069158846781844086,59,0.46719126403331757,0.019882219792086753
U0527,0.14540968071341617,0.44686341285705566,0.04272720909433121,0.01024306957584372,0.20792238414287567,0.006468668263315867,0.13988409151994494,0.6369830369949341,0.028835432035928785,0.0006258772428506938,0.023984026163816452,0.003426518450467107,0,normal,0.006880169779534012,58,0.32893821503967047,0.020364456961010743
U0070,0.07147076140579993,0.29527655243873596,0.031248114846827473,0.07529877291826143,0.636806845664978,0.015265272114432567,0.07004937034516656,0.4176695942878723,0.021651886919668566,0.0554858911892732,0.4922013580799103,0.014553388838248794,0,normal,0.006859250969240435,60,0.46048858761787415,0.02067966567979435
U0472,0.08338336348432901,0.3133772015571594,0.034350762863505226,0.08117208459745097,0.6399400234222412,0.016375395626486502,0.03895602886072231,0.5143892168998718,0.009777035628212616,0.04674950902216751,0.440410315990448,0.013703892583218172,0,normal,0.006782952129411953,60,0.4770291894674301,0.01855177167535563
U0181,0.08445957176680507,0.33161091804504395,0.03288095546924599,0.0897555023617153,0.6682401895523071,0.017340150608136658,9.901463625293934e-06,0.0011306075612083077,0.0011306075612083077,0.05434410355446041,0.45888400077819824,0.015288817193747188,0,normal,0.0067496769953937835,60,0.3649664289841894,0.016660132708084537
U0843,0.1201461539617135,0.4265398681163788,0.03636424854879199,0.016558827382338857,0.18295444548130035,0.011684522981628713,0.18363356446605927,0.9323806166648865,0.02542630210130786,0.00247893670303603,0.05241413041949272,0.0061057838731152,0,normal,0.006723939924224028,60,0.3985722651705146,0.01989521437621094
U0556,0.05911461450862786,0.31442752480506897,0.02427161528466968,0.0936621928330849,0.5994501709938049,0.020171379850216907,0.04569095502221963,0.4033317267894745,0.014624877085831637,0.05832933777153388,0.5049008727073669,0.0149143832645206,0,normal,0.006585101415142028,60,0.45552757382392883,0.018495563871309705
U0314,0.059704010666761315,0.2841334044933319,0.027127238515125402,0.10079507484939645,0.6575927734375,0.019788216559963226,0.06472113371575373,0.40251222252845764,0.020758282523214197,0.037860766822525246,0.39426350593566895,0.012397302579847747,0,normal,0.006584359716424721,60,0.4346254765987396,0.020017760044537643
U0024,0.07893663637596181,0.4163476824760437,0.024476360420021593,0.07144267568868974,0.6552338600158691,0.014076210547894636,0.06502233448293177,0.5143892168998718,0.01631905765195067,0.049337575984182216,0.4594539701938629,0.01386309420349221,0,normal,0.006567050873807101,60,0.5113561823964119,0.01718368070583978
U0272,0.06943670107205593,0.3856932520866394,0.02343802606284984,0.10012125942784003,0.662100613117218,0.0196868534369283,0.02404010618919191,0.3938570022583008,0.007946425293161833,0.04617681584198023,0.46033579111099243,0.013059400296728106,0,normal,0.006526831654504675,59,0.47549666464328766,0.016032676272417022
U0809,0.060749109090332674,0.328665167093277,0.023862207028165962,0.09045800720833519,0.6504313945770264,0.0179543586184991,0.06163684580395122,0.3938570022583008,0.020203481292507302,0.05007115577171046,0.46076133847236633,0.014029298629390279,0,normal,0.006448684926952325,60,0.4584287256002426,0.019012336392140658
U0297,0.09261516087293986,0.43641677498817444,0.027628330589924206,0.07412588162068348,0.5834944844245911,0.016538918638120275,0.026545339402198193,0.4176695942878723,0.008274264815184524,0.044848936495159024,0.4615028500556946,0.012651783624409352,0,normal,0.006376672642915555,59,0.4747709259390831,0.01627332441690959
U0305,0.05647903592974762,0.29506760835647583,0.024710988190599893,0.07357576267795367,0.6025860905647278,0.015763042437591444,0.11543153949809877,0.5143892168998718,0.028970567773406706,0.0484896306899244,0.4673458933830261,0.013394756416664677,0,normal,0.006359150464630923,60,0.4698472023010254,0.02070983870456568
U0977,0.0667136789271206,0.3408223092556,0.02506235967161285,0.08922340399154226,0.6620455384254456,0.017255438789360315,0.048766773749326815,0.4176695942878723,0.0149494855279164,0.04833618351092486,0.4676963686943054,0.013232546880533578,0,normal,0.006297400150439479,61,0.4720584526658058,0.017624957717355786
U0507,0.13823056602148567,0.41183820366859436,0.04369698268468926,0.009738062189158635,0.1606271117925644,0.007892738014908314,0.1425175932480435,0.5017604231834412,0.036978225868937196,0.0025759820544701095,0.053518880158662796,0.0062662801871672825,0,normal,0.006269846632283652,59,0.2819361547008157,0.023708556688925513
U0300,0.05923842085051544,0.3134876489639282,0.024395370191662855,0.009799577890286555,0.15243156254291534,0.008299593893326573,0.3534069680642905,0.9323806166648865,0.048933496231135604,0.00041818998951828054,0.014714553020894527,0.003669027215562437,0,normal,0.006266846373715018,60,0.35325359529815614,0.021324371882921866
U0947,0.05936256619371936,0.29019415378570557,0.026408782678439498,0.1088369478757138,0.5485242009162903,0.02561562375738049,1.8515771298036505e-05,0.002047736896201968,0.0011673256463836878,0.05715027963186934,0.4882667362689972,0.015110735233004864,0,normal,0.006167744907478038,60,0.33225820696679875,0.017075616828802133
U0536,0.07480299335595796,0.3486504852771759,0.028171807123663743,0.019084234490256095,0.2165071666240692,0.011574133059184533,0.28585471488465936,0.5471530556678772,0.068599750177437,0.00100955626295433,0.031141338869929314,0.004256760835280877,0,normal,0.006153963570249359,58,0.2858630116097629,0.028150612798891535
U0702,0.03180694643341541,0.2911348044872284,0.014345439335870494,0.0010914442177426555,0.03910740837454796,0.003664616318334977,0.4371967182314301,0.9104747176170349,0.06305143945039539,0.003726271260739431,0.0569390133023262,0.008593113205483076,0,normal,0.006122125477478207,58,0.32441398594528437,0.022413652077520985
U0847,0.1471628529092758,0.49052733182907104,0.03873105815685752,0.008185925438790423,0.1718001663684845,0.006151323670186078,0.11592385254911913,0.5471530556678772,0.02735195363832948,0.004194287409448872,0.06939944624900818,0.007802370270466478,0,normal,0.006103502500127133,60,0.31972000002861023,0.02000917643395989
U0811,0.038093248688261014,0.2816877067089081,0.017458402131008674,0.0874692603155868,0.6511907577514648,0.01734089867804111,0.12205950020381064,0.5471530556678772,0.028799644915852695,0.04797950080770006,0.5037028193473816,0.012297185327671893,0,normal,0.0060178855248843345,60,0.49593358486890793,0.018974032763143592
U0505,0.1343863493748347,0.4431319236755371,0.039151327575264835,0.006571097240878469,0.16543379426002502,0.005127882182731961,0.15708298723663425,0.8869200944900513,0.02286488554867295,0.001002961330213866,0.024993840605020523,0.0051805463996705235,0,normal,0.006010240371915088,60,0.3801199132576585,0.018081160426585068
U0385,0.1213067629935561,0.44764405488967896,0.03498457220824396,0.023474900229912974,0.25054389238357544,0.012096070510091294,0.14439166789194768,0.4033317267894745,0.046217252279166135,0.003544120997989808,0.06023702397942543,0.007595728061890365,0,normal,0.005991682098774652,60,0.2904391745105386,0.02522340576484794
U0789,0.06971199845291247,0.3019005060195923,0.029565060666769925,0.07092040632360473,0.619819700717926,0.014650111215777558,0.06963255294188285,0.5471530556678772,0.016294407438807435,0.05179600747443462,0.47517508268356323,0.013956538193362993,0,normal,0.005885188596554843,61,0.4860120862722397,0.01861652937867948
U0100,0.14646314057735935,0.4240429699420929,0.044966850348212656,0.02603009765336305,0.21974121034145355,0.015421914082251425,0.06916573047452895,0.4176695942878723,0.02155917320968741,0.0029315033266515463,0.05964924022555351,0.00639822442314915,0,normal,0.005828177758179324,59,0.28027575369924307,0.02208654051582516
U0631,0.05080819529829494,0.3198156952857971,0.020509655732113902,0.0905508997276831,0.6669871807098389,0.01752668001086022,0.066777742254819,0.4042835533618927,0.021324066693584123,0.05278665064512995,0.4993232488632202,0.013647927090390036,0,normal,0.005804539957396665,60,0.4726024195551872,0.01825208238173707
U0946,0.07231500886221257,0.3294192850589752,0.02810700079498929,0.00041366773866027774,0.025031812489032745,0.0021158965860008797,0.3260579825076674,0.9338813424110413,0.044703159664498,0.0014503376498345984,0.04621155932545662,0.004018403841909226,0,normal,0.005689743881438537,61,0.33363599982112646,0.019736115221849346
U0581,0.11559735888794498,0.44676491618156433,0.033974639220355915,0.014247601763974512,0.20152349770069122,0.009283293441105091,0.1754088832988294,0.5143892168998718,0.04477604506697891,0.002702577389230813,0.053715746849775314,0.006606364377650356,0,normal,0.005664725775897515,58,0.3040983444079757,0.02366008552652257
U0122,0.04358316579517107,0.3237043619155884,0.017381793920518855,0.10314559074573772,0.60091233253479,0.022159702481495222,0.04099788598270109,0.3831886947154999,0.013812527337965246,0.057041295352813236,0.44345757365226746,0.016605871682986616,0,normal,0.005587666024945148,60,0.43781574070453644,0.017489973855741484
U0750,0.04153567857667032,0.27097707986831665,0.019788511446434617,0.010569628439831873,0.1645931452512741,0.008290340171938245,0.3741888955868011,0.9115462899208069,0.05299520082771778,0.002581472932035092,0.05181124806404114,0.006432323770119789,0,normal,0.005488298551790942,60,0.3497319407761097,0.02187659405405261
U0460,0.10209423516451693,0.36080965399742126,0.03456890868590821,0.06013955662781175,0.2739641070365906,0.02681817080539321,0.09468996927176487,0.5143892168998718,0.02248923685019419,0.0015758151773317935,0.035103652626276016,0.0054842288542575795,1,email_exfil,0.005484214541128437,67,0.2960666576400399,0.022340136298938294
U0290,0.07816065957822008,0.44864335656166077,0.022491133803547805,0.020382612635522046,0.21981218457221985,0.01197105602421497,0.25711181361580904,0.8765119910240173,0.03786941051366739,0.0006593527099157411,0.022918015718460083,0.0037141989023704506,0,normal,0.005473542362401885,60,0.3919713869690895,0.01901144981095015
U0269,0.11445211414391027,0.4372718036174774,0.03407582189516935,0.022105237661113875,0.2099078893661499,0.013710093635655401,0.15472770837621302,0.5471530556678772,0.036815716632468215,0.001953546242556677,0.037686850875616074,0.006748509147355936,0,normal,0.005452561433056097,59,0.30800489988178015,0.022837535327662226
U0855,0.05778882775930433,0.31303882598876953,0.02403364671803409,0.0764396261379599,0.6595450043678284,0.015088571085791008,0.07236982046080634,0.5471530556678772,0.01721958420239389,0.05252396878550102,0.47006499767303467,0.01454700590434417,0,normal,0.005372538762976142,59,0.49745047092437744,0.017722201977640788
U0826,0.12879313687969912,0.43407973647117615,0.036248146705514815,0.0408392168893923,0.19651013612747192,0.0253895525882046,0.06243506538346111,0.4033317267894745,0.01891162221966339,0.003101983166454426,0.06061454117298126,0.006252089886597592,1,email_exfil,0.00522745879166847,67,0.27363403514027596,0.021700352849995098
U0960,0.1540470598239005,0.43489065766334534,0.045353250420837446,0.005521480314738432,0.15233393013477325,0.004640811876149693,0.08508742360509579,0.6217902898788452,0.017520904422691854,0.002107011873510285,0.045162927359342575,0.00597337776887963,0,normal,0.005217403936387657,61,0.3135444512590766,0.018372086122139655
U0905,0.06209333254254614,0.24264726042747498,0.03303649399326029,0.08356263716426028,0.61591637134552,0.017515186431091935,0.048287985713915536,0.4176695942878723,0.014925558946561068,0.046667151552673834,0.4301593005657196,0.014005749384839799,0,normal,0.00515500177440459,60,0.42659813165664673,0.019870747188938272
U0278,0.0618712521887219,0.2918477952480316,0.027368869805608636,0.09092660530854808,0.6583663821220398,0.017829850655097346,0.04501670561325997,0.4033317267894745,0.014409061620244756,0.03892530110102343,0.41363605856895447,0.012148928169040119,0,normal,0.005151172926327143,60,0.4417954906821251,0.017939177562497716
U0475,0.11205693766167447,0.4393458962440491,0.032927332586986796,0.027427652280406434,0.22294911742210388,0.015882075356603367,0.13799354638786288,0.4952423572540283,0.03597206493723206,0.002075006086644806,0.04463817551732063,0.0060011891344259995,0,normal,0.00510965752983289,60,0.3005438866093755,0.022695665503812055
U0381,0.07328631168324436,0.29214009642601013,0.03211935233987594,0.06372065671216867,0.6281707882881165,0.012987859710788087,0.0423524234625575,0.3938570022583008,0.013768124285337255,0.05839707003345443,0.5277543067932129,0.014167536954342632,0,normal,0.005027030258767751,61,0.46048054844141006,0.018260718322585977
U0166,0.06739156989263106,0.3186274468898773,0.027305288189139295,0.08023307008665184,0.6654015779495239,0.015566606921205069,0.021030717940258934,0.3695208430290222,0.0073474989641302575,0.05567010201632982,0.5067152380943298,0.014183467806085304,0,normal,0.004991281235385412,60,0.4650662764906883,0.01610071547013998
U0623,0.09899755380010104,0.4252249598503113,0.030309565373438277,0.011355931725946084,0.17282132804393768,0.008554594512765457,0.20873217497020777,0.6823354363441467,0.03982588782377731,0.0017324638443343295,0.03304014727473259,0.0068264702131041995,0,normal,0.0049784487777273755,59,0.32835546787828207,0.02137912948077131
U0909,0.06317380234996589,0.33461299538612366,0.024579226281899937,0.07482177007769725,0.6479802131652832,0.015032812061482388,0.06904915027235285,0.4120161831378937,0.0218181567763815,0.04239604123181792,0.4244169592857361,0.013004886626484961,0,normal,0.00495109121937707,59,0.45475658774375916,0.018608770436562196
U0512,0.057755670952125984,0.31870201230049133,0.023395600813434687,0.09093393365757627,0.5907858610153198,0.019871024562417006,0.02638416215711857,0.4176695942878723,0.008155203860951588,0.05100061404332816,0.4656936526298523,0.0141383738516159,0,normal,0.004918402378127132,60,0.44821278005838394,0.016390050772104797
U0608,0.10060104789441016,0.44415047764778137,0.02924130467145005,0.006155865351756305,0.1572258621454239,0.005054631526797948,0.21348767771730334,0.9263940453529358,0.02975099075702019,0.002549368267890164,0.05672643706202507,0.005801916094308505,0,normal,0.004899593219855965,60,0.39612420555204153,0.017462210762394174
U0270,0.1558153312083174,0.4524064362049103,0.04446371924000611,0.014615259703250484,0.19569168984889984,0.009641809091789888,0.04351544821999815,0.3938570022583008,0.01426360373540471,0.003649846843487134,0.06157732382416725,0.007652057155216122,0,normal,0.004825375663308241,60,0.27588311303406954,0.01900529730560421
U0321,0.08399185093188884,0.42642518877983093,0.025863083667053584,0.03155294128526295,0.30417391657829285,0.013620839725531604,0.19157253171210994,0.6152021884918213,0.040888518024765855,0.0026410754465721574,0.05611617490649223,0.006179861624222495,0,normal,0.004817029116551483,58,0.3504793671891093,0.021638075760393387
U0350,0.07960824473178167,0.3159463405609131,0.03252887874563536,0.07604296797571558,0.6570755243301392,0.014940603612061901,9.901463625293934e-06,0.0011306075612083077,0.0011306075612083077,0.05192341712852729,0.4735918343067169,0.014154138314156246,0,normal,0.0047821359906472394,60,0.36193607668974437,0.015688557058265454
U0117,0.05246498445157789,0.29608476161956787,0.023068931859292867,0.07269060270962244,0.6579551696777344,0.014383214604029458,0.06481007569463774,0.40251222252845764,0.020962228481578877,0.059391518150228396,0.5041953325271606,0.01533555860329101,0,normal,0.00475967436796983,59,0.46518687158823013,0.018437483387048054
U0341,0.03737207250858198,0.2986810505390167,0.016020445729615272,0.004968328511011721,0.1477409154176712,0.004305708267971816,0.37834254575172227,0.9148952960968018,0.05294791580040435,0.0018322125719097268,0.051482196897268295,0.004556736021760484,0,normal,0.004731389239352121,61,0.3531998647376895,0.019457701454937984
U0551,0.0586857043571688,0.3161415159702301,0.023964874816501454,0.08939217548203889,0.6440713405609131,0.017918015449534627,0.02248922363159098,0.3831886947154999,0.007576805700470383,0.05045835216271608,0.4701400101184845,0.01385575597320591,0,normal,0.004714391158143556,60,0.4533853903412819,0.015828862984928093
U0178,0.10802474216065514,0.4422207474708557,0.031536137382317975,0.02302931780258247,0.22063083946704865,0.013475324443819166,0.14497546630703007,0.5143892168998718,0.036385389906354246,0.00265082374430856,0.057985685765743256,0.005901799199727975,0,normal,0.004668555526915032,60,0.30880662240087986,0.02182466273305484
U0143,0.09533791075122319,0.3429354131221771,0.0339637702520339,0.020508226970713223,0.12244369834661484,0.02046229187436411,0.1878010137341326,0.6950321197509766,0.03301077007156199,0.0003675490994146894,0.014007406309247017,0.0032056804991449426,1,email_exfil,0.004639414584338748,67,0.2936046593822539,0.022660628174276234
U0997,0.1396938602874394,0.4448637068271637,0.04123218461126239,0.016077957275708918,0.21148861944675446,0.00998228284371525,0.07463161854478204,0.5471530556678772,0.017910183463566775,0.003849657028207757,0.07144993543624878,0.0070746702431710344,0,normal,0.004597833337799059,58,0.31873882934451103,0.019049830290428862
U0729,0.08475796012793003,0.41275307536125183,0.02673401407452529,0.0055860846754318,0.15606115758419037,0.004660008241633138,0.240111001250753,0.6217902898788452,0.05027384678754261,0.004484658344962945,0.07032409310340881,0.00830231518511383,0,normal,0.0044970973820523735,59,0.31523215398192406,0.022492546072203717
U0431,0.1215596131475354,0.4295847713947296,0.03653127303708364,0.0313349504724344,0.23378446698188782,0.017303650509192418,0.0835792794252904,0.4033317267894745,0.026752268319251017,0.002356907397334707,0.043002333492040634,0.007075788960863368,0,normal,0.004485259363764147,60,0.27742582466453314,0.02191574520659761
U0711,0.06702056387249959,0.36697569489479065,0.0233833030605429,0.018947592620147016,0.2054072916507721,0.011810635454206722,0.2564846781671733,0.9338813424110413,0.03516452942333627,0.0021870445599800363,0.05464005842804909,0.005124854727283924,0,normal,0.0044549739991368645,61,0.3902260968461633,0.018870830666342455
U0416,0.04959211324107065,0.27798500657081604,0.023031149659861208,0.09970960737041835,0.6387893557548523,0.020151329767967734,9.901463625293934e-06,0.0011306075612083077,0.0011306075612083077,0.05665086213973315,0.4828090965747833,0.015148005507217021,0,normal,0.004428914870747297,60,0.350178516615415,0.014865273124063567
U0041,0.08709201581009562,0.4248805046081543,0.02646280724123547,0.007307495554038442,0.16215111315250397,0.005817990398593527,0.2296346250716913,0.7165996432304382,0.04136996564338915,0.0023566176710136354,0.05825261026620865,0.0052227364871169375,0,normal,0.004375053481338667,60,0.3404709678143263,0.019718374942583772
U0450,0.05462340488011645,0.2880549132823944,0.024480926802364897,0.07497815970305596,0.6241680979728699,0.015508063976265458,0.0438359128120366,0.5471530556678772,0.010342977985662099,0.05782123509272682,0.4646263122558594,0.016066006499143744,0,normal,0.004371881758450494,60,0.4810005947947502,0.01659949381585905
U0324,0.05381577077117071,0.31618601083755493,0.022158528050413687,0.07736516414190123,0.6023396253585815,0.016721606953038738,0.04183151644814305,0.38686245679855347,0.014077353527990439,0.055840588586641475,0.4568535089492798,0.01591281510202908,0,normal,0.004315569778629348,59,0.44056040048599243,0.017217575908367987
U0675,0.05231376195674122,0.27195557951927185,0.02525829212312805,0.0005675668216348127,0.021985286846756935,0.0033897749562176362,0.33134366878351684,0.9080195426940918,0.04791477843035205,0.003400821706751169,0.0785912275314331,0.005681928901375268,0,normal,0.004253576715615222,58,0.3201379091478884,0.020561193602768254
U0439,0.14517769851950207,0.4369291365146637,0.043257647269128785,0.0008446570268556435,0.034266673028469086,0.003209094106897298,0.09103561454733916,0.5143892168998718,0.02304058314016941,0.0010728735762469402,0.031119296327233315,0.004488412624852853,0,normal,0.004238642904715067,59,0.2541760806925595,0.018498934285262086
U0142,0.09002535731595841,0.44032418727874756,0.026845921431513802,0.012270841453536694,0.1707133799791336,0.009438278473825888,0.20206998506384077,0.6942182183265686,0.038220098848326195,0.0024028767274575195,0.05295979604125023,0.005957597937845878,0,normal,0.004158469089355838,58,0.339553895406425,0.02011547417287794
U0411,0.04824156996394132,0.3767145872116089,0.016671819119345222,0.01869221178250477,0.19321304559707642,0.012595002000341344,0.2924598403928465,0.9338813424110413,0.04077073435054429,0.0031612523165475423,0.07047674059867859,0.005839657068854967,0,normal,0.004106490631462694,59,0.3935714289546013,0.018969303134771454
U0802,0.11103262179374677,0.43685758113861084,0.03308908151942332,0.027206584775630815,0.25376245379447937,0.01395791848038906,0.10876835280554498,0.5471530556678772,0.025880205281220883,0.0019123916706268768,0.046920958906412125,0.005306204194682122,0,normal,0.004096249384300831,59,0.3211735123768449,0.01955835236892885
U0264,0.07742522926442946,0.43905532360076904,0.02315523835283847,0.019928917567115626,0.1679949015378952,0.015576633889113196,0.2128469004296159,0.8954101800918579,0.031212697668675463,0.002400878116771301,0.05328923836350441,0.005915842502641398,0,normal,0.0040659549370719375,58,0.38893741089850664,0.01896510310331713
U0209,0.06615913427649256,0.3282952606678009,0.02623609498769545,0.0448568344554571,0.3196670413017273,0.018268578468466284,0.17460233966400154,0.6217902898788452,0.036557805462014245,0.005451929721145031,0.09560002386569977,0.007424483430432697,0,normal,0.0040529375701213784,59,0.3413381539285183,0.022121740587152168
U0280,0.06008554822768423,0.34312379360198975,0.02260703298855636,0.005722069866932322,0.15095260739326477,0.004893695154428753,0.29515696609588016,0.6369830369949341,0.059820432037425535,0.000780917244959171,0.021924471482634544,0.004598331270894581,0,normal,0.004030886387336743,60,0.2882459773682058,0.022979872862826305
U0230,0.11053504066759258,0.4401305615901947,0.03215537153157696,0.01591834634103397,0.2706189751625061,0.007531383924476561,0.1335618879702676,0.6217902898788452,0.027502596441305198,0.0027359128844512987,0.053320832550525665,0.0065696226547366735,0,normal,0.004017612592795747,61,0.3464651647955179,0.01843974363802385
U0520,0.0934829086496751,0.3794868290424347,0.0318023991564966,0.01412796568145914,0.18834659457206726,0.009683809419614893,0.18441099517152995,0.6034400463104248,0.039452729812668015,0.0011030122271293561,0.026890771463513374,0.005295432539166238,0,normal,0.003981748782562559,60,0.29954106034711003,0.021558592731986438
U0897,0.13835195666081776,0.43827998638153076,0.04109676720227495,0.022652431805487785,0.2496868222951889,0.01181117770138988,0.04292961545841046,0.3938570022583008,0.014190327589226476,0.0009831360449296727,0.025743775069713593,0.004971819816199644,0,normal,0.0039016289267408658,59,0.2768918965011835,0.018017523077272737
U0105,0.09647755709424129,0.28637173771858215,0.0408546681286419,0.04446728888415671,0.19542989134788513,0.027592763903224776,0.09485790233548319,0.5143892168998718,0.02236285275498898,0.001793489063050299,0.04328837990760803,0.00502426969813996,1,email_exfil,0.0038383494015061517,68,0.2598698064684868,0.023958638621248904
U0499,0.135264792915886,0.4663652777671814,0.036835173410032264,0.015371703971936134,0.1863507777452469,0.010475987169283576,0.06503772992423949,0.5143892168998718,0.016057490493215983,0.0015950928011819233,0.040903374552726746,0.004952573975676769,0,normal,0.0038276183860102486,62,0.3020021617412567,0.017080306262052144
U0529,0.10477760017155471,0.4425629675388336,0.03006751469189523,0.011222573999635556,0.18466494977474213,0.007718131269422385,0.15011079662829618,0.5318161845207214,0.03584714190876712,0.004249725085030406,0.07287926226854324,0.007405613184255757,0,normal,0.003823782122844366,62,0.3079808410257101,0.02025960026358512
U0363,0.04409157718858735,0.3139455020427704,0.018131166401841863,0.1042777664409294,0.5329553484916687,0.025259530274497878,1.6856819141345763e-05,0.0018842265708371997,0.0011549598265749713,0.04651713988713013,0.4449118971824646,0.013497811532048824,0,normal,0.003816467590338281,60,0.3234242435719352,0.014510867008740883
U0533,0.1476270300261875,0.49205291271209717,0.039059625040138955,0.011645000129854489,0.1546519249677658,0.009802981020723148,0.04176584361792783,0.38686245679855347,0.01405525297494763,0.0013983726310440414,0.034953899681568146,0.005208363348282222,0,normal,0.0038162362032803042,59,0.26713029853999615,0.017031555596022988
U0540,0.08496972350148353,0.4378966689109802,0.025261931762373534,0.026586897178013266,0.22126615047454834,0.015643238618022744,0.1674100806390322,0.6369830369949341,0.034215881459620165,0.001981516693172055,0.04526563733816147,0.00569905817181345,0,normal,0.003800815052341867,59,0.33535287342965603,0.02020502750295747
U0659,0.1364379982507215,0.46140411496162415,0.03882754027521698,0.0018955349297360207,0.059144239872694016,0.004208286901993868,0.09446192120248575,0.5143892168998718,0.024112981972926908,0.0013388208671017497,0.027640366926789284,0.006360110658549494,0,normal,0.003794574677501516,58,0.2656444846652448,0.018377229952171812
U0869,0.06105466962432462,0.30838051438331604,0.025559734120044673,0.08194711772916582,0.5466967225074768,0.01935136424323556,9.901463625293934e-06,0.0011306075612083077,0.0011306075612083077,0.05156737869402324,0.47393086552619934,0.014047027630480595,0,normal,0.0037832309877444885,60,0.3325346774945501,0.015022183388742285
U0393,0.10193981624365461,0.43058139085769653,0.030822125489238315,0.009290656956763215,0.18774394690990448,0.006442500711236558,0.16354461042092958,0.5471530556678772,0.03891359923320617,0.0025828104290925554,0.05699136480689049,0.005900074128297061,0,normal,0.0037752169681996087,59,0.3056174395605922,0.020519574890494528
U0590,0.05873953581031725,0.3184865713119507,0.02401117311528343,0.09196595659892139,0.6545408964157104,0.018292130869877774,9.818604732392917e-06,0.0011306075612083077,0.0011306075612083077,0.040676996215160556,0.40622833371162415,0.013036249320270669,0,normal,0.003741461682171692,59,0.3450966022501234,0.014117540216660045
U0470,0.09819015423379597,0.43835213780403137,0.02916210084608253,0.009050883127636307,0.17036551237106323,0.006916450409489236,0.16732867998298886,0.5471530556678772,0.0398139759929756,0.004986347899303093,0.07154510915279388,0.009073537107832312,0,normal,0.0037207859031919135,59,0.3068539537489414,0.02124151608909492
U0661,0.043107388061566956,0.28723615407943726,0.019374788966013058,0.006525743526645694,0.16203276813030243,0.005199379584750593,0.3258822912122802,0.6369830369949341,0.06604763462479847,0.00040683471092845815,0.014722478576004505,0.003567479148638123,0,normal,0.003704701269152248,60,0.27524360944516957,0.023547320581050062
U0562,0.12446254347510362,0.43549618124961853,0.036592274332551675,0.006500540367847278,0.14559319615364075,0.005716674463954285,0.11085103356606665,0.4176695942878723,0.03398145488501511,0.0011879409396804346,0.03178830444812775,0.004784786546556237,0,normal,0.003695781115007681,61,0.25763681903481483,0.020268797557019325
U0727,0.1144714662767898,0.4223717451095581,0.034145392794269154,0.014355947072890306,0.188791885972023,0.009580281027468565,0.11360999014257867,0.6051617860794067,0.023652374753654594,0.003192652380042502,0.058378469198942184,0.006890149689789427,0,normal,0.0036888982939278303,63,0.3186759715899825,0.018567049566295436
U0767,0.09803871583307133,0.41324958205223083,0.03062736017133716,0.0013208348211868372,0.051204945892095566,0.0033301283540900783,0.19020413582308024,0.7165996432304382,0.034266341854042065,0.0019013784498264985,0.04099735990166664,0.005987383162134089,0,normal,0.0036613023386184353,60,0.3055128827691078,0.018552803385400846
U0868,0.08214753864837296,0.3587155044078827,0.029813873292262975,0.040175011824054675,0.21764220297336578,0.024031832827273256,0.13497163275372331,0.5471530556678772,0.03211498080744898,0.002265466627395379,0.04448462277650833,0.006630125528225385,0,normal,0.0036566668958281268,59,0.2919988464564085,0.02314770311380265
U0060,0.06970817604307396,0.4336864948272705,0.02110541150473025,0.006625361639041758,0.1573570966720581,0.005528524748021075,0.24771527930828227,0.6086779236793518,0.05343812946952751,0.0027234132703612066,0.05009276419878006,0.007138789153557433,0,normal,0.003609380859461006,58,0.3124535698443651,0.021802713718959067
U0567,0.10672548139358429,0.4457720220088959,0.03143701615429912,0.01676578117520529,0.2199215143918991,0.010010184434706608,0.12585114774344053,0.7678738832473755,0.02152054607145617,0.002364094534116101,0.05513601377606392,0.005630091821268283,0,normal,0.003598901088134925,58,0.3721758583560586,0.017149459620432544
U0975,0.13361089823725616,0.36261868476867676,0.04756813014887484,0.012116391854754025,0.20342355966567993,0.007689470506219939,0.0688170966758765,0.4176695942878723,0.021270997698108356,0.001153042423808382,0.03073819912970066,0.004842740988216103,0,normal,0.0035915176614878435,60,0.2536125094629824,0.02034283483535481
U0046,0.1125937816266717,0.39027318358421326,0.03788189516842546,0.007534110692468601,0.15448231995105743,0.006403821486573775,0.1316760208881685,0.5471530556678772,0.03159976612921033,0.002135808678693113,0.04317391663789749,0.00649571409566902,0,normal,0.003549828756428041,58,0.28377061896026134,0.020595299219969644
U0806,0.07201678731317745,0.4298799932003021,0.02162772729778529,0.008224561591744626,0.17567062377929688,0.006044188339404855,0.2342277893798382,0.6217902898788452,0.048631633647407094,0.0021976246975066766,0.0427175834774971,0.006641577200593218,0,normal,0.0035021517770127495,60,0.31751462258398533,0.020736281621297613
U0886,0.12349499347669679,0.44560202956199646,0.03608080225334392,0.022540497382517673,0.199276402592659,0.014725892122784585,0.06435209154840137,0.5143892168998718,0.016287139082185417,0.0012143528841849292,0.028691142797470093,0.005510246861006836,0,normal,0.003469715023788058,59,0.29698969796299934,0.018151020079830188
U0660,0.10469299718369632,0.3700646162033081,0.03622222747948339,0.03939836363454781,0.23448115587234497,0.02151321514712868,0.06705634591330203,0.4176695942878723,0.020556165514223766,0.002235397755534255,0.050022244453430176,0.005721721549181267,0,normal,0.003399711047801966,61,0.2680594027042389,0.021003332422504278
U0157,0.11429506827687984,0.37682682275772095,0.039157058296298904,0.01358802260860138,0.176557719707489,0.00993559601135748,0.10183351765813922,0.3978075087070465,0.033047768861676256,0.0024789342618057233,0.05584438890218735,0.0057307286079852325,0,normal,0.003322873105962093,60,0.25175911001861095,0.02196778794432947
U0195,0.14926546052794568,0.4619380831718445,0.04206777587972821,0.006630695645610424,0.16618162393569946,0.005194575818330708,0.025032033067871877,0.40251222252845764,0.008096383022286503,0.0029356001046833913,0.049942079931497574,0.00765251629944406,0,normal,0.0032901235040275834,59,0.2701435023918748,0.01575281275494737
U0928,0.14099005582305055,0.42906221747398376,0.04242214112118745,0.01130138794638819,0.1732560098171234,0.008421081102581714,0.03667768168397543,0.49581506848335266,0.009550069462663183,0.0017419685969255227,0.04008546471595764,0.005610192633260643,0,normal,0.0032738361500574656,60,0.28455469012260437,0.016500871079923245
U0275,0.1273356409768327,0.44568783044815063,0.03688447258297553,0.021740272170932586,0.2668917179107666,0.010516089036552026,0.04508902031646581,0.4033317267894745,0.014432208294359346,0.0020674024655412664,0.053527265787124634,0.004986253392674674,0,normal,0.0032522709006199938,60,0.2923596352338791,0.016704755826640393
U0714,0.07985625661730779,0.3566862642765045,0.02890326718885016,0.032879398273491046,0.22531799972057343,0.01883876152881309,0.14057007486059658,0.5005972981452942,0.036251731077209116,0.002804401506254244,0.055467091500759125,0.006527233858207637,0,normal,0.0032504305233585174,60,0.2845171634107828,0.02263024841327
U0839,0.08275602976800225,0.43659713864326477,0.024888846271959007,0.021638524018186913,0.26693037152290344,0.010644264213799902,0.1562508431443401,0.4176695942878723,0.049121940225475176,0.004505568347167496,0.08493672311306,0.006965304122749622,0,normal,0.0032215329373124933,58,0.30153345689177513,0.022905088708495926
U0038,0.11172322459402534,0.4224839210510254,0.03385855030287306,0.0007288414799356591,0.03013475239276886,0.00309670999915131,0.13377615394427306,0.5735222697257996,0.029865067608685035,0.0034115214491691197,0.07790502905845642,0.005606833954814527,0,normal,0.003215994453377824,61,0.27601149305701256,0.018106790466380984
U0121,0.0924219466722492,0.4441959261894226,0.027087849929665613,0.024912706183161472,0.22937576472759247,0.01413993362124745,0.12597305389606103,0.5143892168998718,0.03188304529107034,0.0007739345212270786,0.020491009578108788,0.0049171658480244625,0,normal,0.0031395665771616096,59,0.3021129793487489,0.019506998672501965
U0400,0.08752632474125267,0.42058831453323364,0.026429299088671334,0.012203585322491583,0.22112061083316803,0.007009101865151024,0.16264952418472192,0.5471530556678772,0.03775270925384135,0.002914291929426256,0.05009329691529274,0.007388522376130008,0,normal,0.0030647161067244976,62,0.3097388194873929,0.019644908145948433
U0437,0.021012211898655347,0.1824227124452591,0.014870214653213528,0.013027706907813604,0.18485844135284424,0.009098149467592975,0.337381148022572,0.9338813424110413,0.04663945722277276,0.0014449405670295388,0.03779551386833191,0.004935533506137328,0,normal,0.003057546435977103,60,0.3347395025193691,0.01888583871242915
U0072,0.04652420611167439,0.25404712557792664,0.023642263885244576,0.0008836373036953819,0.03502128645777702,0.003257364218022,0.29886645355272534,0.7678738832473755,0.050247174811859925,0.0023259454175180733,0.05076861009001732,0.005914644140846311,0,normal,0.003057520488845805,60,0.2769277263432741,0.020765361763993205
U0823,0.06855859203842046,0.33272236585617065,0.026382441092001038,0.013002736691604623,0.20652751624584198,0.008061055818829953,0.21237121356089753,0.6217902898788452,0.04373073689715906,0.0013840241175668644,0.040700167417526245,0.004353941052557752,0,normal,0.0030464223673331375,61,0.300435084849596,0.02063204371513695
U0369,0.12645054841774453,0.4429348111152649,0.03716677664142789,0.018250125815566853,0.22342702746391296,0.0106341834833542,0.044053887276120175,0.5471530556678772,0.010482126618025162,0.002886071465238512,0.04683629795908928,0.008022292910520604,0,normal,0.0030304790693617702,59,0.3150877980515361,0.016576344913331965
U0423,0.07703697146956281,0.36442890763282776,0.02752075702783721,0.01579152384493938,0.19553573429584503,0.010514095029759767,0.1831324386330812,0.9263940453529358,0.025736146373674273,0.00047269480369415833,0.017995143309235573,0.003419790588033443,0,normal,0.0030091484661185597,59,0.37608845764771104,0.016797697254826174
U0112,0.12720332579628613,0.4236271381378174,0.038764935642605754,0.00047673492349791766,0.02128601260483265,0.002891392348487898,0.08662295093812121,0.4045437276363373,0.027643426693975924,0.0019227273829725356,0.04789365828037262,0.005182795524448617,0,normal,0.0030063714797376583,60,0.22433763416483998,0.018620637552379547
U0247,0.057077765815043806,0.3003919720649719,0.024530308951640715,0.02012652745671432,0.18036149442195892,0.014406198674623264,0.22138299117826676,0.6217902898788452,0.0459647275468645,0.0020271870671095932,0.03880811855196953,0.006743659182247797,0,normal,0.002999856497868429,60,0.2853379687294364,0.02291122358884407
U0126,0.11444649960183433,0.45308953523635864,0.032884593419173866,0.010286030545332824,0.1880008578300476,0.007122984067567065,0.09246463207694715,0.6369830369949341,0.018898257967952827,0.0025555689134042934,0.04758469760417938,0.00699188500765697,0,normal,0.0029624678580671003,59,0.33141453191637993,0.016474430115587683
U0168,0.12938472507328827,0.5084293484687805,0.03313037790909313,0.013617115910922338,0.1969527006149292,0.009001133193947426,0.045207864180141555,0.4033317267894745,0.014592362104094255,0.0022629866981005364,0.046408116817474365,0.006348367354541428,0,normal,0.0029542893978665506,59,0.28878047317266464,0.015768060140419062
U0119,0.10525567642540204,0.3723972737789154,0.036797052108679854,0.0069458790334804964,0.1524350941181183,0.00593220630987154,0.12679586355061023,0.5143892168998718,0.032091293616173,0.0007108733828966156,0.020834028720855713,0.004442147642425032,0,normal,0.002933326763389572,59,0.2650139033794403,0.01981567491928736
U0382,0.10181500961446427,0.4159817695617676,0.03133809487638648,0.005620354860938156,0.15134766697883606,0.00475469965857376,0.13222276535053645,0.5471530556678772,0.03094086774479842,0.003883357856668678,0.05990613251924515,0.008299868522993428,0,normal,0.0029146490114002606,61,0.2935971561819315,0.01883338270068802
U0695,0.08602242303366026,0.42446210980415344,0.026384370515076732,0.01071195276163443,0.15213271975517273,0.009166847649601673,0.16242182528554117,0.6369830369949341,0.03319636367900707,0.002968733590067975,0.05461576208472252,0.007076641949691927,0,normal,0.0029082206058382654,59,0.3170484071597457,0.018956055948344354
U0243,0.0602281571926841,0.41570571064949036,0.018704149257863456,0.01202486076295059,0.1934177726507187,0.008026164441374325,0.22535408049649786,0.6217902898788452,0.04678922647338671,0.003533386799880138,0.0779164731502533,0.005854452286469799,0,normal,0.002900563216980632,60,0.3272075615823269,0.019843498114773574
U0805,0.11426010755742214,0.4165743887424469,0.035708865867530616,0.027418047318639113,0.29392340779304504,0.012144407784451347,0.04632260227741798,0.4033317267894745,0.014952181402388645,0.0030885719965846417,0.055481016635894775,0.007247484799351649,0,normal,0.0028972194006495074,59,0.2923276349902153,0.017513234963430564
U0302,0.11707154710826197,0.4422239065170288,0.034465385069085905,0.00046951536001659606,0.019970260560512543,0.003060836047887864,0.10735207236882059,0.6942182183265686,0.020132069462136824,0.002037226036104121,0.048985302448272705,0.005414363611253528,0,normal,0.0028940024655233396,59,0.30134942196309566,0.01576816354759103
U0138,0.026495912293746288,0.1816266030073166,0.01899211849944303,0.007044290312922555,0.16923168301582336,0.005419129965081099,0.32393985643359374,0.9115462899208069,0.04626575479347069,0.003632265976234739,0.05722154304385185,0.008264033555968713,0,normal,0.0028621951577141114,59,0.3299065297469497,0.019735259203490882
U0248,0.12607482751671714,0.4503519535064697,0.036141045060897645,0.022535665162521232,0.23921296000480652,0.012162141475444817,0.02288952171459389,0.38686245679855347,0.0076384371107754605,0.0023740705491073735,0.04572928324341774,0.006702295952224328,0,normal,0.002784689583256375,60,0.28053916338831186,0.015660979899835562
U0407,0.07014441287105051,0.35000720620155334,0.026090962018115223,0.0003468133741608288,0.01855659671127796,0.0024331646690441983,0.22646169042867603,0.7678738832473755,0.03839536869140752,0.0011840067384389032,0.030478792265057564,0.005057436217642952,0,normal,0.0027825576835162585,59,0.2917291196063161,0.017994232899052477
U0503,0.1098612872621693,0.40807467699050903,0.034755969920115606,0.012729899649828737,0.17091104388237,0.009615662866235653,0.08843469082442326,0.6217902898788452,0.018361286238844816,0.0029234035178211278,0.060850150883197784,0.006202281601842211,0,normal,0.0027815267609280947,60,0.3154065404087305,0.017233800156759568
U0821,0.062199955215447564,0.28533095121383667,0.02768505196566608,0.034272485684169594,0.24017782509326935,0.018122447535743488,0.15622048858415347,0.7474023699760437,0.026545302352807935,0.004578937035967684,0.07952497899532318,0.0073124896408708374,0,normal,0.0027659717042206457,62,0.3381090313196182,0.019916322873772083
U0005,0.06385640820443302,0.3201129138469696,0.02554091046175513,0.014884958497851057,0.15381185710430145,0.012390615911380203,0.2016467834550692,0.901340126991272,0.028644264500099617,0.0027159215202240705,0.051999568939208984,0.006687326927625631,0,normal,0.0027357598031374367,61,0.356816116720438,0.018315779450215147
U0993,0.06040436012816016,0.3707088530063629,0.0213954454911996,0.013455354430393633,0.20414747297763824,0.008654403443493908,0.2131867666426098,0.6147627830505371,0.04553430141270932,0.002830606999288251,0.06616637855768204,0.005617307702283958,0,normal,0.002720474336763021,58,0.3139463718980551,0.020300364512421693
U0120,0.09617611525087019,0.4493080973625183,0.027867433906437127,0.03419802980205348,0.24658578634262085,0.018055396962065554,0.06712308352362027,0.4033317267894745,0.021666237900933347,0.002555950861410803,0.059219177812337875,0.005619065840833808,0,normal,0.0026923952918970645,59,0.2896111970767379,0.01830203365256746
U0669,0.1256857224971028,0.4121514856815338,0.03970114850047956,0.0020223362155041874,0.07422684133052826,0.003547042347675461,0.06720079033669961,0.4176695942878723,0.02094669526016687,0.0032030678188223172,0.05850331112742424,0.007127868544430539,0,normal,0.0026765682175939895,59,0.24063780810683966,0.017830688663188106
U0283,0.07782621296324209,0.45314279198646545,0.02217252722066405,0.014645798261374942,0.16432425379753113,0.011506301605383367,0.16145422600890053,0.6217902898788452,0.03352199493868587,0.003070614729024756,0.05817236378788948,0.006814484252060993,0,normal,0.0026718132290674728,60,0.3243574248626828,0.018503827004198573
U0636,0.12552293297604453,0.3880506753921509,0.04211226776182214,0.011315750442029022,0.22550544142723083,0.006532814541656736,0.04518551971184891,0.4033317267894745,0.014585149673729252,0.0020904714087619397,0.04075976088643074,0.006677080292535983,0,normal,0.0026486366958047717,59,0.26441190112382174,0.01747682806743603
U0563,0.04186331608478788,0.3068389594554901,0.017762214879089157,0.017343137913211355,0.2497834414243698,0.009039367161553315,0.2504422729486405,0.8954101800918579,0.03641326344469404,0.0011959279563275285,0.031102728098630905,0.005005881083873693,0,normal,0.0026336944839381315,59,0.3707838272675872,0.01705518164230255
U0294,0.06549222073137365,0.28765350580215454,0.029151112130331638,0.026334146927582645,0.2144307643175125,0.015724152357679076,0.15918865795147036,0.4984983205795288,0.0408868360100314,0.004546507118976866,0.0667850524187088,0.008716330451564124,0,normal,0.002618923478414729,61,0.26684191077947617,0.02361960773740156
U0999,0.05557336061137699,0.28003990650177,0.02605749957233613,0.005990336873539422,0.165494903922081,0.0047528337601432154,0.24316472187810848,0.5471530556678772,0.05835495552184574,0.0004104109811311862,0.01528037991374731,0.003526718723158975,0,normal,0.0026184249521873245,58,0.2519920615013689,0.023173001894371017
U0003,0.013865655807221308,0.1809632033109665,0.010060884036067426,0.00019666963489083032,0.012608942575752735,0.002048069301148142,0.3641490132226987,0.8890905380249023,0.053779796219495093,0.0011789947424678162,0.02845698781311512,0.0054401258141056055,0,normal,0.002596586941215449,58,0.2777799179311842,0.017832218842704067
U0785,0.09330196637313232,0.451078325510025,0.026703194064502136,0.01314934579004204,0.19901786744594574,0.008529752949976968,0.11947983851530333,0.5143892168998718,0.02998659442916202,0.0035066162989289456,0.05527746304869652,0.008189634484085672,0,normal,0.002595468461843513,60,0.3049407182261348,0.0183522939819317
U0245,0.11065530859854047,0.45235416293144226,0.03184693609832952,0.017057898269107932,0.16512323915958405,0.013449040913802507,0.06511031490254386,0.5143892168998718,0.016479040991309715,0.0024656883698049043,0.04836078733205795,0.006637718312542686,0,normal,0.002575181198674016,59,0.295056851580739,0.017103184078996105
U0173,0.11610522012969277,0.43743422627449036,0.034851781995806456,0.00970294172068865,0.19609732925891876,0.006497073011673663,0.0632112404183093,0.5022635459899902,0.016525273558539177,0.004626324886911435,0.07033566385507584,0.008636674268151684,0,normal,0.0025448133319691843,58,0.3015326913446188,0.016627700708542744
U0995,0.07578220076368047,0.342212975025177,0.02883000619257019,0.00898458200112868,0.1938016265630722,0.006035516662519759,0.1673513543420328,0.9323806166648865,0.023367378282581723,0.006309620372459035,0.10229797661304474,0.008029900807325588,0,normal,0.0025413464417366823,59,0.3926732987165451,0.016565700486249314
U0288,0.09109885074508943,0.4381862282752991,0.0270662549500677,0.01766173906923213,0.23401497304439545,0.00982570707137865,0.11278322849215786,0.4176695942878723,0.03515488293882207,0.0020533189518073098,0.04569946229457855,0.005849507736194814,0,normal,0.0025256328644189872,59,0.28389256447553635,0.01947408817411581
U0929,0.08088806421141852,0.4054837226867676,0.026193710322459162,0.008220436696913738,0.18636678159236908,0.005791784404915108,0.16165597910280144,0.4940020442008972,0.04296838487940038,0.002711002570137296,0.041757434606552124,0.008524759250952951,0,normal,0.0025256184631014976,58,0.2819024957716465,0.020869659714431898
U0250,0.08536251957596985,0.3691636025905609,0.030103870978040258,0.0141388581864252,0.16449226438999176,0.011190328959414573,0.13203022685431598,0.5471530556678772,0.03141510638140016,0.0043593822920657485,0.07465871423482895,0.007601835083417011,0,normal,0.0025223621122297726,59,0.2888669092208147,0.020077785350568002
U0754,0.09602489334144962,0.4311602711677551,0.028752093486838486,0.0061084069778625525,0.1704355925321579,0.004626920575613743,0.12837046913459862,0.5143892168998718,0.03221793101207974,0.0019689451349311866,0.04361375421285629,0.005828200953891383,0,normal,0.0025220583653237393,60,0.2898997087031603,0.01785628650710584
U0549,0.08257148189863303,0.3989073634147644,0.02672282703495436,0.03860923552424113,0.2924995422363281,0.01704081597893795,0.08273840969841302,0.5471530556678772,0.01952192837294812,0.0022490771597579685,0.05461163818836212,0.0053167167738337184,0,normal,0.0025211222537063894,60,0.32329289987683296,0.017150572040168538
U0418,0.10037342997408001,0.34600144624710083,0.03714291064802712,0.03458566442245529,0.27531832456588745,0.01608407493413175,0.04474633604435543,0.4033317267894745,0.014204638204766347,0.0027876673891036275,0.07778715342283249,0.004588472762994108,0,normal,0.0025166719712867405,61,0.2756096627563238,0.01800502413747983
U0208,0.06509060371894601,0.45253023505210876,0.01888672695214813,0.010575373469705834,0.16521480679512024,0.008404903854582568,0.19993286852559156,0.6217902898788452,0.042220781193965856,0.000990250384897153,0.028929458931088448,0.004494596528353401,0,normal,0.002516578299300552,58,0.31711619766429067,0.01850175213226249
U0797,0.10439335497958244,0.4252282381057739,0.031178478173138326,0.021680618093565418,0.22303998470306396,0.012345056672197716,0.0660671656365223,0.5143892168998718,0.01631165302598909,0.0021112869528257874,0.03992781043052673,0.006715462437121748,0,normal,0.002494690097790031,62,0.3006463125348091,0.01663766257711172
U0824,0.02732751482856813,0.24058151245117188,0.01491502175084516,0.024373382506332173,0.29011547565460205,0.011031407085095547,0.2626342078059908,0.9338813424110413,0.03692713346741772,0.0011112016547647342,0.03180386498570442,0.004587741947104938,0,normal,0.0024832659620503536,58,0.3740955488756299,0.016865326062615843
U0062,0.12859427175705634,0.41451752185821533,0.04005005391168197,0.011472804193777329,0.1640750914812088,0.009027163350566051,0.024966677557917025,0.4033317267894745,0.007991397648584097,0.003089709533793117,0.05513472482562065,0.0072346381866395856,0,normal,0.002476924247216853,60,0.2592647662386298,0.016075813274367926
U0577,0.0691306493599204,0.37906044721603394,0.02354434107188581,0.015620441895774074,0.17512524127960205,0.011515132614177522,0.16060909220902186,0.5471530556678772,0.03789532824691075,0.008177022785691717,0.10862962156534195,0.009717875171980002,0,normal,0.0024686376685410356,60,0.3024920914322138,0.02066816927623852
U0042,0.047099744851192726,0.28158026933670044,0.02177661277225093,0.005777454455026281,0.1481250524520874,0.005077875020395183,0.2512205119679742,0.6217902898788452,0.05259992862791139,0.0033463887230385267,0.08748295158147812,0.004979972619752511,0,normal,0.0024604660708060404,59,0.2847446408122778,0.021108597260077504
U0378,0.029737424109819874,0.18382133543491364,0.020712976495651375,0.022968428485377435,0.2068566083908081,0.014216639937717632,0.25675430444252156,0.9263940453529358,0.03548600103278629,0.0019659444394200293,0.048081785440444946,0.00523510909253867,0,normal,0.0024592300675743283,61,0.3412884436547756,0.018912681639673492
U0161,0.10652973002956925,0.43591731786727905,0.03181564248808622,0.000646672512984975,0.02670462243258953,0.0031526223761173307,0.10076522474515105,0.6723091006278992,0.019512624270677313,0.00698522714595788,0.11407914012670517,0.00797165120701204,0,normal,0.0024514788122020213,59,0.31225254526361823,0.015613135085473226
U0246,0.07742835381108404,0.34489208459854126,0.028744309547872663,0.014563407317551897,0.20778031647205353,0.008974157253158515,0.15335053151576206,0.6369830369949341,0.030824248764862415,0.0007655506372974435,0.019721949473023415,0.004970031748853188,0,normal,0.0024361809553549575,61,0.30234434688463807,0.018378186828686693
U0690,0.031242715229921496,0.18766023218631744,0.021316289189600504,0.0079013733956398,0.17722654342651367,0.005708327754990018,0.2887252856180116,0.7678738832473755,0.04814265146240836,0.0012666292855767554,0.031225794926285744,0.005193631167428259,0,normal,0.002415951576884524,61,0.2909966134466231,0.020090224893606786
U0194,0.0519902327588886,0.28275302052497864,0.02354233803435207,0.013092893066640895,0.23917308449745178,0.007009037747997966,0.21894245147009886,0.532114565372467,0.05268171592233855,0.001565186743045085,0.03583351895213127,0.005592574576879639,0,normal,0.0023834323865590643,61,0.2724685473367572,0.022206416570392056
U0149,0.09662375888127259,0.4243393838405609,0.029644530822887476,0.025749154783118997,0.2982843518257141,0.011238452166105039,0.06818091178981706,0.4176695942878723,0.021252202164081826,0.002787266005000933,0.0503346249461174,0.007209175119381382,0,normal,0.002380357965608078,59,0.2976569887250662,0.01733609006811393
U0066,0.11762147328728038,0.44432303309440613,0.0336195536418663,0.014600558234945014,0.20878718793392181,0.008881161571554597,0.03847027480118998,0.5143892168998718,0.009498118593793122,0.0038966707478338067,0.06128077208995819,0.008075578406981497,0,normal,0.002378025332822932,62,0.3071950525045395,0.01501860305354888
U0334,0.12156736245431501,0.434093713760376,0.03585655653819044,0.008399189315974623,0.17380216717720032,0.0061875292549526915,0.04503871774610918,0.40251222252845764,0.014326563452324663,0.0026879983892578005,0.052006855607032776,0.006617645366328942,0,normal,0.002367271065576188,61,0.2656037397682667,0.015747073652949185
U0970,0.11839350260654502,0.43861639499664307,0.03484715947122942,0.008578527409959437,0.15337148308753967,0.007220919457539843,0.05575996857836595,0.6217902898788452,0.011577184634127964,0.0011370315635907979,0.02890375442802906,0.005078583961430402,0,normal,0.0023664372035551583,60,0.31067048059776425,0.014680961881081908
U0110,0.08480945849124631,0.4212949275970459,0.026432854368238414,0.0005064460568882845,0.026148686185479164,0.0025431344693256975,0.16224781133405092,0.901340126991272,0.023636117718054045,0.001438585339931505,0.036755967885255814,0.005139179301178744,0,normal,0.002351418859853777,58,0.3463849271647632,0.014437821464199224
U0064,0.08758383413398776,0.4110845625400543,0.027505349013187203,0.013929948086049224,0.22242167592048645,0.008085311638734539,0.12201623645025633,0.5471530556678772,0.02878943693746502,0.001048965678102603,0.020596809685230255,0.00657484769748559,0,normal,0.0023433096725124286,60,0.30031402595341206,0.017738736321718088
U0895,0.06873878333214403,0.41573861241340637,0.02152561026797245,0.024315052075055483,0.21000786125659943,0.015073484064606742,0.14217586452491027,0.5143892168998718,0.03598388216963385,0.0022616148635478126,0.03930724412202835,0.007490659361141205,0,normal,0.002322582761275251,59,0.2948607336729765,0.020018408965838563
U0036,0.10881097595028731,0.3702946603298187,0.038255972822052,0.020178825601771894,0.2108377367258072,0.012460100220972875,0.04446307528778742,0.4033317267894745,0.014351956382535903,0.0036814867936854003,0.06510844081640244,0.007361392016923288,0,normal,0.002318943438274034,59,0.2623931411653757,0.018107355360621018
U0601,0.041391095961894636,0.22964046895503998,0.02289088882180808,0.010765220498689124,0.16172809898853302,0.008453598224854607,0.23727180724091587,0.6320539116859436,0.0476756002866633,0.0071951459657666915,0.10281824320554733,0.00888737662644655,0,normal,0.0023089112804948976,62,0.281560180708766,0.021976865989943136
U0553,0.04046271320050015,0.27213913202285767,0.019195011659788482,0.027545062404588618,0.17064452171325684,0.020838947712695698,0.20712385786162243,0.5471530556678772,0.04887037510440374,0.0023678342541170244,0.05535820871591568,0.005521964941601709,0,normal,0.0023069495618540975,60,0.26132372952997684,0.023606574854622406
U0918,0.09006776225834516,0.4282984137535095,0.02737769626586114,0.00018579686850388538,0.011271979659795761,0.002145913380277201,0.1437081739921965,0.5143892168998718,0.03637170075967718,0.002064986173799592,0.04127269610762596,0.006513708250519497,0,normal,0.0022828249174221774,59,0.24880807660520077,0.018102254664083755
U0366,0.07928901443361895,0.4404850900173187,0.0236356641488869,0.011658482335597846,0.14646227657794952,0.010452068367452326,0.14153054449397942,0.6136161088943481,0.03028582638041277,0.0026711824916652457,0.05920600891113281,0.005924119037045188,0,normal,0.00226821763482754,58,0.3149423711001873,0.017574419483449295
U0524,0.08468757823120322,0.28275758028030396,0.03803729392520396,0.01873275006670145,0.1973455548286438,0.01205530897110737,0.10395988146067302,0.4027615487575531,0.03278097968676218,0.005516108525093445,0.08784169703722,0.007975101880566672,0,normal,0.0022586917498534165,62,0.24267659522593021,0.022712171115910045
U0668,0.10569403642607526,0.38192248344421387,0.03602875477606746,0.011841305518461095,0.17113938927650452,0.009007900966322514,0.07160490993689858,0.5471530556678772,0.01703758235286795,0.002390853188923124,0.05250827223062515,0.005927876880309716,0,normal,0.002256364032461544,59,0.2881808001548052,0.01700052874389191
U0569,0.057873177950195885,0.29258692264556885,0.025751137283269616,0.006390622509300917,0.1532650589942932,0.00542842700374653,0.2100678783302792,0.7658694982528687,0.035709097142868,0.0025212479369858417,0.05301380157470703,0.00619156735564949,0,normal,0.0022543795874154795,59,0.31618382036685944,0.01827005719638341
U0216,0.07502312995876734,0.37718358635902405,0.02589502815323412,0.009533773191812474,0.1499384194612503,0.00827800875746199,0.15798565559122055,0.5143892168998718,0.039985248088931384,0.0019506734944174057,0.04157092422246933,0.006108982724519161,0,normal,0.0022479870843255573,59,0.2707705367356539,0.020066816931036666
U0101,0.07457966047500642,0.3676464557647705,0.02640973311809383,0.007109881896759857,0.1794714629650116,0.005157520677935821,0.1607886123828251,0.5143892168998718,0.040694660106594914,0.004276456086615684,0.06692008674144745,0.008319582174554868,0,normal,0.0022478774897341206,59,0.28210680559277534,0.020145374019294858
U0081,0.08892280971661039,0.4419289231300354,0.026195985717264593,0.021373135443175876,0.18321265280246735,0.015187516719124996,0.09358324778673548,0.5143892168998718,0.02368537425576567,0.0007351420158786054,0.024586660787463188,0.0038926529832910305,0,normal,0.0022332388811558,59,0.29102936340495944,0.017240382418861572
U0752,0.029038322830606107,0.20943622291088104,0.017899632190589425,0.038158520924234,0.2785724103450775,0.017683890024906647,0.20768688490477352,0.6040051579475403,0.04439078242285177,0.0013805315514956887,0.05225628241896629,0.0034106111012571698,0,normal,0.002230237927954332,60,0.2860675184056163,0.02084622893490125
U0315,0.11222098066885319,0.43455109000205994,0.03362073550985415,0.013065204086494335,0.2079494595527649,0.00817960621499625,0.04816032300252593,0.4176695942878723,0.015011722399553253,0.0027087973663101716,0.05801910161972046,0.006078263353663838,0,normal,0.0022153029390222464,59,0.2795473113656044,0.01572258186951687
U0032,0.14166112173532305,0.40299057960510254,0.04500811917876222,0.0008149531825680093,0.03897230327129364,0.0026773901983937858,9.983634856857957e-06,0.0011306075612083077,0.0011306075612083077,0.003133213323654432,0.05824397876858711,0.006887696661637664,0,normal,0.002208510780434739,61,0.1253343673015479,0.013925953400000494
U0268,0.10724217809918678,0.429837167263031,0.03276028443043946,0.0006509053630531336,0.027336489409208298,0.0031265192860857874,0.09313681366802795,0.6369830369949341,0.0191990399436126,0.0011108948099316969,0.03433710336685181,0.004248105415768052,0,normal,0.0021893773194620663,58,0.2821234492585063,0.014833487268976476
U0295,0.09559830785960599,0.44743800163269043,0.027583013580639696,0.012856199718266613,0.1775675266981125,0.0093470257635218,0.08580443010048583,0.6217902898788452,0.017815177357988432,0.004658712820533833,0.07579004019498825,0.007935570919463923,0,normal,0.002173611321923251,60,0.3306464646011591,0.01567019690540346
U0521,0.029082359936093913,0.19944636523723602,0.018669754261371383,0.02044497915862922,0.20347023010253906,0.012865328458343863,0.2355172300049663,0.5143892168998718,0.05862271274272047,0.0078105763061589945,0.12402017414569855,0.008063541497237014,0,normal,0.0021732753563371097,61,0.26033149659633636,0.02455533423991818
U0009,0.06746559912025922,0.2710230052471161,0.03187214607957506,0.0005377742724816432,0.020104143768548965,0.0034249128313760713,0.1968215216668307,0.7165996432304382,0.03516665655073756,0.0009128072632174199,0.024135390296578407,0.004842390884352629,0,normal,0.0021710647684536765,61,0.2579655456356704,0.018826526586510333
U0202,0.1163152897253337,0.42928025126457214,0.034411218600589856,0.011154874376052639,0.16452263295650482,0.008610793767228269,0.03847027480118998,0.5143892168998718,0.009498118593793122,0.0026767099332072383,0.05022305250167847,0.006768654721825794,0,normal,0.002159998266440709,62,0.2896037884056568,0.01482219642085926
U0879,0.02511719213612617,0.2014058381319046,0.01609990848146765,0.009907383960513421,0.15812258422374725,0.008088899986872396,0.2793461151155488,0.5471530556678772,0.06591104265147199,0.0027512177137352816,0.058545298874378204,0.006066766869389539,0,normal,0.002143259399880736,60,0.24130669422447681,0.02404165449730039
U0740,0.07606596026251868,0.36850595474243164,0.027103903683461075,0.021490002110786034,0.27109047770500183,0.010408980585389105,0.11670483717768677,0.5143892168998718,0.02979085751375633,0.0028337301710643762,0.05310007557272911,0.007007278171192082,0,normal,0.0021389714070126375,58,0.3017714312300086,0.018577754988449647
U0692,0.05668010999673536,0.31914108991622925,0.023320290908706173,0.0157256161899958,0.2106555998325348,0.009802134707413267,0.18193529885858542,0.5143892168998718,0.04644202156562422,0.002031325021679945,0.042085107415914536,0.006337777398059565,0,normal,0.002119737036483665,58,0.2715677535161376,0.021475556144950805
U0496,0.06085610396738982,0.3350903391838074,0.023445884051731505,0.013809757381153977,0.14916595816612244,0.01195200321617828,0.17454102707877006,0.7658694982528687,0.029421657025037955,0.0025753771678898208,0.04896335303783417,0.006790379785832102,0,normal,0.0021173636452321972,60,0.32477228716015816,0.01790248101969496
U0023,0.06742028352024183,0.3679625391960144,0.023853986084281655,0.018721370927986748,0.20127896964550018,0.012109138363910239,0.14444556129196043,0.5143892168998718,0.03655832918495003,0.002225618088732115,0.051023293286561966,0.005678794459697656,0,normal,0.0020973851365820866,59,0.2836635047569871,0.019550062023209892
U0236,0.09718216324389795,0.43019160628318787,0.029410243748817125,0.01646412521252321,0.21667693555355072,0.009892361299066734,0.07239321130314104,0.5471530556678772,0.017225149790046072,0.0019680975412027088,0.042682480067014694,0.006003036261972738,0,normal,0.0020961225403315145,59,0.3091760193929076,0.015632697774975668
U0775,0.0646916847772835,0.3592591881752014,0.023246894909229356,0.008716671928581965,0.19836120307445526,0.005673072605345434,0.16245881983377775,0.5471530556678772,0.03833176702222166,0.009411928623083663,0.12678545713424683,0.00958370768930763,0,normal,0.002091053452081197,60,0.3078897260129452,0.01920886055652602
U0610,0.08243124486512977,0.4281193017959595,0.02506692399703937,0.013890518169002218,0.17789927124977112,0.010165254869665876,0.11726896873322375,0.5143892168998718,0.02968009209686543,0.0016563424023625028,0.04832058027386665,0.004462641225597193,0,normal,0.0020856930263608775,59,0.29218209255486727,0.017343728047291968
U0118,0.0987947988854446,0.42600205540657043,0.02969323185733901,0.025064231110052137,0.24309934675693512,0.013200964922611629,0.04246530590626467,0.3938570022583008,0.013804820639111835,0.0036132709014943753,0.05296747758984566,0.00873426399803401,0,normal,0.002076732234780202,61,0.278981470502913,0.016358320354274123
U0996,0.040405315426192336,0.27312472462654114,0.01942511006442099,0.019623337822255456,0.24501793086528778,0.010516252754000718,0.20927649461629155,0.8954101800918579,0.03068911946772052,0.0023116926984016557,0.047984179109334946,0.006325837551651197,0,normal,0.0020469130060250386,58,0.36538425367325544,0.016739079959448355
U0961,0.06335378953876396,0.25999730825424194,0.0317232548365255,0.013887411580272459,0.23974581062793732,0.007541266248793718,0.1539019657768482,0.5471530556678772,0.036619240475297604,0.00720338894296149,0.13475890457630157,0.006959104964558937,0,normal,0.0020433809986380503,59,0.2954137697815895,0.02071071663129394
U0425,0.10766727582577436,0.4177286624908447,0.03384351420873859,0.03179085946728778,0.24420370161533356,0.017093698115885524,9.735040619274184e-06,0.0011306075612083077,0.0011306075612083077,0.003196682889584339,0.05120839923620224,0.00819680039750759,0,normal,0.0020302064673433868,58,0.1785678427258972,0.015066155070835002
U0001,0.041230352358042344,0.3018469512462616,0.017782967993173183,0.016099316094710842,0.22297276556491852,0.009400037823436416,0.21361011842752858,0.9263940453529358,0.03001926537855702,0.002667945944298737,0.05454179272055626,0.00636827210325726,0,normal,0.0020255945562508517,59,0.37643888872116804,0.01589263582460597
U0389,0.08032614698474695,0.4262618124485016,0.0245332171304771,0.0003686482337308042,0.021075792610645294,0.0022772055585789023,0.15262583592008166,0.618980348110199,0.032101489856081494,0.0010880139058407473,0.02817612886428833,0.005027211020209722,0,normal,0.002021225067137575,59,0.27362352050840855,0.015984780891336807
U0560,0.057365229913550794,0.3041641116142273,0.02434810371802693,0.030773270034040574,0.3071404695510864,0.012934837548910613,0.13356312015278107,0.5143892168998718,0.03352116277092136,0.0028702081375284313,0.05393373966217041,0.006870324207955037,0,normal,0.002010506193968238,60,0.294906884431839,0.019418607061453486
U0820,0.12112548287609426,0.4514710307121277,0.03492847521753856,0.00042914959896306874,0.021071933209896088,0.002651418755950714,0.04081324660212249,0.3796650767326355,0.013995051044591908,0.0031121824350399756,0.044492367655038834,0.009106542612721953,0,normal,0.0020086139160708856,59,0.22417510207742453,0.015170371907700783
U0936,0.07124095199878532,0.34696894884109497,0.026507177042867626,0.0110219745000722,0.17703530192375183,0.008037553944935402,0.14664531419646,0.5143892168998718,0.03680448196440314,0.0018238058427870584,0.0430305190384388,0.005471751843166809,0,normal,0.0019927766503868684,60,0.27035599667578936,0.019205241198843245
U0055,0.0579168657796084,0.3196818232536316,0.023788831565509788,0.0005276212633965158,0.03090929612517357,0.002241399018501511,0.2061761310644395,0.6217902898788452,0.043539200839185124,0.0025374653623343383,0.05243738368153572,0.006353969283760181,0,normal,0.001992742818156518,58,0.2562046982347965,0.01898085017673915
U0156,0.09043623268903773,0.3206669092178345,0.036716587550965754,0.0081160653252163,0.16657160222530365,0.006343348398065816,0.10179938528595597,0.6369830369949341,0.02080612879648994,0.00245449891618759,0.05046848952770233,0.00633164463395865,0,normal,0.0019856677595170547,59,0.29367250949144363,0.017549427344870038
U0866,0.08043581596586354,0.291164368391037,0.03627415032616259,0.013046171661851137,0.19247585535049438,0.008900057933364427,0.11693253051732494,0.5143892168998718,0.02984898003894065,0.0015965546552834924,0.044525764882564545,0.004708237965226952,0,normal,0.001978944877242979,58,0.26063880138099194,0.019932856565923657
U0703,0.08415689404629119,0.3820561468601227,0.02867718390989929,0.008506366811251264,0.14640653133392334,0.007564106747631316,0.11335122503451171,0.4176695942878723,0.0353319292268479,0.004151850567412327,0.06964235007762909,0.007761439746418854,0,normal,0.0019752722524696295,59,0.25394365563988686,0.01983366490769934
U0944,0.04893630843616813,0.2601976990699768,0.02448509239512162,0.02517493186622637,0.185153990983963,0.017701465392470687,0.16959199808525338,0.9323806166648865,0.02368024082349266,0.0013950013889679855,0.036042287945747375,0.005038906295844831,0,normal,0.0019746684148768024,59,0.3534436486661434,0.01772642622673245
U0048,0.06611698300793614,0.419849693775177,0.02033028945737717,0.02330979372458045,0.22789601981639862,0.013204624777498945,0.12435210278613051,0.5345884561538696,0.030030179764920225,0.0034055622705948616,0.05208202078938484,0.008441611749170382,0,normal,0.0019606259985813783,60,0.3086040476337075,0.01800167643724168
U0508,0.08143724629691487,0.32137393951416016,0.032182262936096835,0.008828914749048343,0.1778165102005005,0.006305788439659966,0.12233229505428933,0.5471530556678772,0.028394645423583324,0.0018473694702214865,0.036259107291698456,0.00647054422622586,0,normal,0.001953283677887603,62,0.2706506531685591,0.0183383102563915
U0145,0.03175632647903222,0.19843325018882751,0.020834822576974964,0.015176096400330297,0.17207975685596466,0.011481649552496554,0.23484755716714034,0.9338813424110413,0.03273922106116947,0.002593368526738326,0.04508581757545471,0.007488559427872395,0,normal,0.0019447504319090167,59,0.33737004175782204,0.018136063154628346
U0853,0.0816205998488771,0.40552911162376404,0.026427966591878148,0.006258242016146011,0.1576400101184845,0.005212810088602086,0.12734418057504254,0.5471530556678772,0.0305602060036798,0.0019222977816914515,0.04168713837862015,0.006054866666921765,0,normal,0.0019437821991974637,58,0.28800232894718647,0.01706396233777045
U0991,0.03645208659121344,0.22352436184883118,0.020880101817891076,0.01481374625304927,0.1870359480381012,0.010140862600229545,0.22214657568195936,0.9038646817207336,0.031468155591550175,0.0022629752426259393,0.051290981471538544,0.005649029929208766,0,normal,0.0019198694832266588,61,0.34142899326980114,0.01703453748471989
U1000,0.07738405390558792,0.43197473883628845,0.022936556071130564,0.018115073350691756,0.16622741520404816,0.013953158501147405,0.10516436812481009,0.5471530556678772,0.024609051224943557,0.0027551099600418437,0.04868335276842117,0.007245920075262791,0,normal,0.0019121126356191824,61,0.29850964061915874,0.017186171468121077
U0890,0.01423433711816192,0.15033571422100067,0.012223609204374953,0.007250006491791394,0.15413621068000793,0.006072368130051113,0.3002784558255312,0.9074847102165222,0.04271783482205744,0.0011750109286326525,0.02955576963722706,0.005132441498522174,0,normal,0.0019090131817465598,60,0.31037810118868947,0.01653656341375142
U0609,0.10938075453311051,0.34601953625679016,0.04115421189501414,0.008273896946128614,0.20421522855758667,0.005274678292076037,0.04750515266674079,0.4176695942878723,0.014807503769111078,0.001460215329943765,0.03682849928736687,0.0051618677730942385,0,normal,0.0019054324004754222,59,0.251183214597404,0.016599565432323875
U0978,0.034562028997832776,0.1984267681837082,0.022676340282625954,0.007776640518811716,0.17777349054813385,0.005695069366708085,0.24541527422316428,0.6217902898788452,0.051384442326044506,0.0010777573969933186,0.024743137881159782,0.005670746470799313,0,normal,0.001903173358754163,59,0.25568342162296176,0.021356649611544463
U0461,0.08644442335510422,0.4467623829841614,0.025406590401718825,0.008717233146792198,0.2037850320339203,0.005616844267155463,0.10197096836099914,0.6217902898788452,0.02153369766090001,0.003773165414525057,0.07376811653375626,0.006716192773394831,0,normal,0.0019022280583062164,58,0.3365264553576708,0.014818331275792282
U0831,0.10805260739317389,0.4485419690608978,0.03163138215961117,0.0014250003163557314,0.04140697419643402,0.004518845242760128,0.06736663191655627,0.4046024978160858,0.021862623633030032,0.0015315735030188883,0.03193431720137596,0.006297471528065571,0,normal,0.0019001078917748112,58,0.2316214395686984,0.016077580640866725
U0185,0.1066893059389944,0.43975481390953064,0.031320930971105554,0.00035685355657322617,0.01635597087442875,0.0028166836691298157,0.06593211426551261,0.5143892168998718,0.016547390713822097,0.004560335488217224,0.07479935884475708,0.00787088003238144,0,normal,0.0018746596451625285,60,0.2613248401321471,0.014638971346609728
U0201,0.09140958880766614,0.43356621265411377,0.027683584848628488,0.010297112243667014,0.20050127804279327,0.006743483586092225,0.08374338644874936,0.3938570022583008,0.02791887737714268,0.0026199936889465393,0.053063053637742996,0.006483268523503472,0,normal,0.001858215137285619,58,0.2702468866482377,0.017207303583841715
U0309,0.11038566834106067,0.5386587381362915,0.02667921066116066,0.01441354605100382,0.17042693495750427,0.011010488830418974,0.02138605735969648,0.36907365918159485,0.007543826140305501,0.002674562644643948,0.04698822274804115,0.007410333434471163,0,normal,0.001829087981493715,59,0.28128688875585794,0.013160964766589074
U0856,0.08431303482987301,0.35424700379371643,0.031251764245082775,0.008694198877623698,0.1633462905883789,0.006988859294457645,0.1037529095977382,0.6942182183265686,0.019624124084406627,0.0019499610368423628,0.041731253266334534,0.006135507753124957,0,normal,0.0018109570740247227,58,0.3133856914937496,0.016000063844268
U0606,0.09412627893124961,0.39546602964401245,0.03125271198627913,0.000562553301003216,0.025537922978401184,0.0028924383283114806,0.09854227129150295,0.5471530556678772,0.02364828998969611,0.0013145008634905051,0.025836395099759102,0.00668059219211943,0,normal,0.0018015726072989362,58,0.24849835084751248,0.016118508124101538
U0645,0.058143918059247644,0.33517494797706604,0.02258430535449701,0.0011551445142241306,0.04683789610862732,0.003210797640942967,0.18253943664673614,0.5471530556678772,0.04343320433271386,0.005552022466316777,0.11242039501667023,0.006429542953693297,0,normal,0.0017899572031468147,59,0.2603965736925602,0.018914462570461785
U0330,0.021615015858025704,0.17913341522216797,0.01557769969798149,0.009299521941555092,0.2045234888792038,0.005870050070158565,0.26532281607940583,0.9263940453529358,0.03697457733020807,0.0016432639252285683,0.033260755240917206,0.006378221390078665,0,normal,0.0017881391532664442,60,0.3358279261738062,0.016200137122106696
U0277,0.09298029880258055,0.3610779345035553,0.03352462913698309,0.0003923971348717818,0.01724403351545334,0.002962517766807398,0.09893086661671724,0.5143892168998718,0.025038825395374983,0.0017660803366567502,0.04320434108376503,0.0053217817924409465,0,normal,0.0017750359541508914,59,0.23397888150066137,0.016711938522901607
U0511,0.10143870479074296,0.4479902684688568,0.029731794231840216,0.012198483316090783,0.19451294839382172,0.00823461545239523,0.04640538929361912,0.40251222252845764,0.01513823877281413,0.002276511386112701,0.04983248561620712,0.005998508518663632,0,normal,0.001772391655729427,58,0.2737119812518358,0.014775789243928302
U0770,0.061051495913178995,0.28805670142173767,0.02691674137854387,0.01339348626871428,0.15786321461200714,0.010774989355706711,0.15107602225955227,0.5471530556678772,0.03506637460011388,0.0012705957583403194,0.03242461755871773,0.004976645364680296,0,normal,0.0017708074766663398,62,0.25637439731508493,0.019433687674761193
U0346,0.09984100497393471,0.40612882375717163,0.03173726552701434,0.0052395005492533375,0.15432843565940857,0.0043829681123459825,0.06534471378199001,0.4033317267894745,0.020915702173563963,0.002024021372221662,0.044552434235811234,0.005865000196915086,0,normal,0.0017377235339474098,60,0.2520853551104665,0.015725234002459842
U0558,0.055662552408593365,0.29025283455848694,0.025180981304652836,0.028297312567364626,0.27265098690986633,0.013627748847890895,0.12491941697852636,0.540789783000946,0.030331052016820115,0.0010633019314246607,0.025471823289990425,0.005481287384837146,0,normal,0.0017254133818721848,58,0.28229135693982244,0.018655267388550247
U0340,0.07456008584891781,0.4089917540550232,0.023733721482319767,0.0007564613610049506,0.03300163149833679,0.002984182184849549,0.14312983355118689,0.5471530556678772,0.03405613286057645,0.0010080308771040823,0.026305582374334335,0.00498884382249097,0,normal,0.001720556463545012,59,0.2538630058988929,0.016440720087559185
U0629,0.1092303224966214,0.3759189248085022,0.03751227476738374,0.010922540148189955,0.1751837134361267,0.00804922924672932,0.023661340868022684,0.3938570022583008,0.007755774185837557,0.002319160082898255,0.04609129577875137,0.0064958529417860214,0,normal,0.0017088915835231902,60,0.24776273407042027,0.01495328278543416
U0667,0.04182144175208697,0.2582770586013794,0.02090439214092233,0.01705764375265452,0.2008163332939148,0.010965902539889308,0.18857154278042565,0.5000899434089661,0.048680206056451424,0.00045053862742335763,0.014318549074232578,0.004062163449167618,0,normal,0.0017073474745351773,60,0.2433754710946232,0.021153166046607667
U0776,0.03844248408811915,0.304923415184021,0.016554141809120366,0.028560732031568184,0.2286592423915863,0.01640085834144978,0.16807737837515035,0.5471530556678772,0.0403354066476258,0.0007598950698011142,0.019450977444648743,0.005129773619203128,0,normal,0.0017033573181275505,58,0.2750466726720333,0.019605045104349766
U0665,0.02488605558796125,0.18680942058563232,0.01749215418023345,0.006658172280758785,0.17547562718391418,0.004982235228802547,0.25753994613516956,0.9105730056762695,0.03713777087074865,0.0006404298422558055,0.017243001610040665,0.004876909483935629,0,normal,0.0016984082145554103,58,0.3225252637639642,0.01612226744093007
U0510,0.1069800035216177,0.3512254059314728,0.03868306165863502,0.007565783300374489,0.18695655465126038,0.005139458425492561,0.03849132957994174,0.5143892168998718,0.00950331691344599,0.0014628812863982756,0.03675336390733719,0.005054941627307589,0,normal,0.0016977769919426092,62,0.27233113534748554,0.01459519465622029
U0266,0.11396461716811819,0.4388030767440796,0.034102512369795945,0.015036949377971103,0.2686328589916229,0.007349987605109696,1.9727999481030098e-05,0.0021835833322256804,0.0011863129751371413,0.0018711491040654413,0.035070694983005524,0.007005675659480277,0,normal,0.001687076812420853,58,0.18617255351273343,0.012411122152380764
U0478,0.11215763000400863,0.40557679533958435,0.0354071366295937,0.0005146890490977004,0.023310720920562744,0.002826990216504544,0.0387098603639506,0.5143892168998718,0.009635290905802708,0.002290143875076339,0.048082441091537476,0.0060983358936369325,0,normal,0.0016739391141600958,61,0.2478397935628891,0.013491938411384472
U0937,0.10147616263792218,0.44242435693740845,0.030116951581315585,0.008902801838792242,0.19425715506076813,0.006017771399684605,0.04388105161412774,0.40251222252845764,0.014314756261040297,0.0029053179697230112,0.05487605556845665,0.006951792270340634,0,normal,0.0016631915875350168,58,0.2735174475237727,0.014350317878095282
U0731,0.08310942092655882,0.3444904386997223,0.0314084914621008,0.015389487844032724,0.28207534551620483,0.007102856363787195,0.07160490993689858,0.5471530556678772,0.01703758235286795,0.005221270070276442,0.08139228820800781,0.008351546311720255,0,normal,0.00166240404018384,59,0.31377778202295303,0.01597511912261905
U0493,0.046537130929761084,0.23966555297374725,0.025279470999243964,0.007033983179678075,0.15119002759456635,0.006056924683388527,0.1916859257526334,0.615127682685852,0.04056943399965826,0.003166677338934475,0.06153937801718712,0.006699227185370515,0,normal,0.0016592327797414744,59,0.2668806603178382,0.019651264216915317
U0794,0.07413391294690247,0.4144957363605499,0.022714386502369257,0.008602895540459562,0.1961340606212616,0.005570520605890615,0.11135549835759376,0.4176695942878723,0.033859688679747764,0.005284142417425338,0.09737898409366608,0.006891494754706131,0,normal,0.0016575238166367061,62,0.2814195938408375,0.017259022635678443
U0167,0.03825363872729741,0.21740196645259857,0.023104431515255604,0.00043682205211659946,0.025510765612125397,0.0022483662909212007,0.23038955526411128,0.6217902898788452,0.048652465569642214,0.002366742912856635,0.048315759748220444,0.006432033171012696,0,normal,0.0016501605390242618,58,0.2282546954229474,0.020109324136707928
U0513,0.09982140342724267,0.44173938035964966,0.02967177704738725,0.0003248305582273356,0.019259754568338394,0.002214583874022004,0.07123358032172548,0.5471530556678772,0.017094718260240966,0.0011981221926787651,0.029516885057091713,0.0053298696981889,0,normal,0.0016478079829404038,58,0.25941726891323924,0.013577737219959779
U0880,0.08778571028633768,0.3337988257408142,0.034238364968756686,0.013424730746249005,0.19531744718551636,0.008948258853725917,0.06776496298084643,0.5143892168998718,0.0171509169385437,0.0022964309323360525,0.04377821832895279,0.0068291916308020366,0,normal,0.001641187668164421,59,0.2718209270387888,0.016791683097957085
U0799,0.09350376404072844,0.348923921585083,0.03518717105829449,0.00875597337288506,0.17459823191165924,0.006584921377611471,0.0644035731202958,0.5143892168998718,0.016440086945859265,0.0020451107156356087,0.04392760246992111,0.006113153866232127,0,normal,0.0016369850775203394,58,0.2704597432166338,0.01608133331199934
U0414,0.08993970842793969,0.3689098656177521,0.0317398741141252,0.011279769201073646,0.1720261424779892,0.00853649827432892,0.06663194108119827,0.5143892168998718,0.016864155703303168,0.0023515878088441805,0.04915948584675789,0.006227702561079503,0,normal,0.0016336049293272333,59,0.27612117771059275,0.0158420576632092
U0584,0.07044245521310065,0.43883371353149414,0.02107756817833731,0.010777906410317022,0.16541770100593567,0.008555362792666811,0.12056125981645315,0.5143892168998718,0.030775273756670028,0.0007458861500511973,0.025738343596458435,0.003805204065119826,0,normal,0.0016179516553940351,58,0.28609474375844,0.016053352198198496
U0242,0.04896081940493632,0.26434895396232605,0.024319636789133993,0.018109331487486745,0.2105572372674942,0.011293231949445004,0.1563823358448909,0.5409101247787476,0.037961956601316946,0.0015516487259011104,0.03301220014691353,0.006171701926642323,0,normal,0.0016084431567310283,58,0.26220712903887033,0.019936631816634565
U0082,0.048024541470385776,0.3058052062988281,0.020445246273123694,0.01714334094306496,0.23170557618141174,0.009632365887488064,0.16170257216875106,0.6187460422515869,0.034023460896559436,0.001176106340212447,0.031442996114492416,0.004869637838339713,0,normal,0.0016060186862357718,59,0.2969249552115798,0.017242677723877727
U0501,0.056416519008889644,0.2730221748352051,0.02713278461682233,0.0010023483659121998,0.03851325064897537,0.003417389760482459,0.17600136148724624,0.5256410837173462,0.0439655720818274,0.0028601629017319078,0.05798769369721413,0.006476508446518416,0,normal,0.0016011607735541605,58,0.2237910507246852,0.02024806372641265
U0342,0.07284193695975648,0.30813947319984436,0.030775714477755883,0.010117092579078713,0.19404540956020355,0.006787757917838223,0.11067616613976958,0.7165996432304382,0.020107196085549638,0.002478598256185022,0.04453451931476593,0.0072457503234958425,0,normal,0.001596280929977607,59,0.315829761326313,0.016229104701159895
U0953,0.06736648681414653,0.2791514992713928,0.03089861529039555,0.018381197065109843,0.2264392226934433,0.010393389862649954,0.10554222438258898,0.5471530556678772,0.024697471705845513,0.0014657929434606387,0.03643515333533287,0.005150947311270355,0,normal,0.0015859929951876019,61,0.27229473274201155,0.01778510604254034
U0911,0.10470797196604753,0.34534135460853577,0.03914312860091229,0.010327734659823654,0.1665126383304596,0.008007228909188294,0.026453575026440985,0.4176695942878723,0.0081766590087985,0.0018828052667976187,0.03907455503940582,0.00622064958906113,0,normal,0.0015825596378636086,60,0.24214953556656837,0.015386916526990053
U0040,0.05289849837870718,0.314513236284256,0.02171344791722826,0.04255344727480172,0.29167142510414124,0.018834983299007034,0.08265676007353645,0.5471530556678772,0.019502663340729972,0.0017727192192950026,0.03652212768793106,0.006266257789886076,0,normal,0.0015806194614631072,60,0.29746496118605137,0.016579338086712834
U0528,0.08307549954603476,0.4552740752696991,0.023557240476816333,0.0010066336970655926,0.03242895379662514,0.004007401913031572,0.10243523479227143,0.5280995965003967,0.025041359688232963,0.0035771011983412814,0.057189494371414185,0.008074940756834318,0,normal,0.0015761252093852516,60,0.2682480299845338,0.015170235708728797
U0174,0.08272117260059128,0.4691900610923767,0.022212508321179786,0.017057231295844327,0.18169382214546204,0.011827640150525464,0.06769862002471448,0.4176695942878723,0.02042098474570565,0.0009886663148871353,0.026191402226686478,0.004755768571865499,0,normal,0.001567284373918031,63,0.2736862199380994,0.014804225447319101
U0685,0.08671471947570368,0.39502084255218506,0.027878985612627246,0.02177578115150592,0.22127266228199005,0.0124982767561463,0.04341711373015752,0.40251222252845764,0.01369891061462582,0.0021161328042658724,0.05562751740217209,0.004831226476422642,0,normal,0.0015668032717196586,62,0.2686083111912012,0.014726849864955503
U0124,0.04032927297910384,0.2362683117389679,0.022036331133180435,0.00026413260685172717,0.014012881554663181,0.0024334304678556387,0.21864951234557548,0.6060946583747864,0.046572808843726915,0.0018358599024341955,0.047948356717824936,0.004942995140891071,0,normal,0.001566190405274842,60,0.2260810520965606,0.018996391396413514
U0255,0.061726321953539026,0.2877424359321594,0.027928041298286712,0.008129725921401784,0.17334385216236115,0.006105784261033562,0.14030059819417331,0.4975552558898926,0.03671066051988341,0.0030856296343469178,0.06504080444574356,0.006176349834677856,0,normal,0.0015610864441778446,59,0.2559205871075392,0.019230208978470387
U0099,0.08155231046231803,0.34549281001091003,0.03099440181674826,0.017256310084514108,0.1977798342704773,0.011456499242587502,0.06582398863388735,0.40251222252845764,0.021472920970750396,0.002940147229625956,0.05411788821220398,0.007133690126465808,0,normal,0.0015587901442289216,58,0.24997568875551224,0.017764378039137992
U0484,0.10076682153667305,0.4319372773170471,0.030371823521101637,0.018069047600361942,0.22268757224082947,0.010563632293802888,9.818604732392917e-06,0.0011306075612083077,0.0011306075612083077,0.00992596239464073,0.13384157419204712,0.009655073488157412,0,normal,0.0015546914677475453,59,0.197399257827783,0.012930284216067562
U0498,0.061916153478954204,0.33568820357322693,0.024012749056248017,0.03616213442273236,0.260252982378006,0.018089740437247554,0.07133802744527243,0.5409740805625916,0.017167957649582018,0.002229655780527102,0.04750606790184975,0.0061103027623471175,0,normal,0.0015528302482486773,59,0.29610533360391855,0.016345187476356177
U0203,0.04951181012111834,0.34530913829803467,0.018510796536770614,0.0210820049858932,0.26377296447753906,0.010318249051383076,0.14100296765785314,0.5143892168998718,0.0353883873380255,0.0020560880662876344,0.04164543002843857,0.006373804467564999,0,normal,0.0015481364264191449,60,0.29127918742597103,0.017647809348436044
U0259,0.014276713063979572,0.15722179412841797,0.011923437687409761,0.013284648943448562,0.16622419655323029,0.010494018925814528,0.2531179896467324,0.6217902898788452,0.05345213788979013,0.0005592206848201156,0.01576245203614235,0.004658493052777048,0,normal,0.0015239981283706986,58,0.24024968314915895,0.020132021888947867
U0509,0.0386511077967723,0.263155996799469,0.01912153131018586,0.014762009900895236,0.14937782287597656,0.012865698240101803,0.1837254424397734,0.654002845287323,0.036573258729777854,0.0012305497411051896,0.04033440724015236,0.003971892527101242,0,normal,0.0015179377600668374,59,0.27671776805073023,0.01813309520179169
U0451,0.07084663263853186,0.42191940546035767,0.021677744200500667,0.009768936990652045,0.16118893027305603,0.007824137429051348,0.1106497627368182,0.49600279331207275,0.028799884067848325,0.0017307776965781135,0.03903229162096977,0.005724553454293376,0,normal,0.0015171280669604096,60,0.27953585516661406,0.016006579787923428
U0097,0.05868375123256007,0.4398047924041748,0.017225914401270376,0.0336589577389685,0.26869648694992065,0.01617197458906124,0.08263179455812258,0.5471530556678772,0.0194967727875337,0.0020144740254056815,0.03657153248786926,0.007111199906057663,0,normal,0.001513724268493269,60,0.3230564668774605,0.015001465420980745
U0519,0.04694032003751974,0.28269267082214355,0.021436598414129548,0.010730653224676118,0.16549237072467804,0.00837090778487474,0.17106446843774145,0.5143892168998718,0.042933108213280016,0.001447247735401108,0.038243845105171204,0.004885462712261794,0,normal,0.0015129242821047151,60,0.25020452588796616,0.019406519281136524
U0044,0.09602832752132004,0.4323863089084625,0.028913550511973325,0.009238620527657372,0.1529492735862732,0.00786382254233042,0.04500665463236286,0.3981865644454956,0.014715130736861946,0.0018049258551085287,0.049465980380773544,0.004750362363565815,0,normal,0.0015089376282356904,59,0.2582470318302512,0.014060716538682877
U0858,0.06529168691437252,0.3186282515525818,0.026236668711381292,0.007933825861695278,0.1629202663898468,0.0062350886833910145,0.13040254251564584,0.4176695942878723,0.03997498239604298,0.0009125081460600498,0.023346154019236565,0.0050044515185932404,0,normal,0.0015081883355184396,61,0.23064106656238437,0.019362797827352132
U0375,0.10325740523297879,0.45148545503616333,0.030030561109454318,0.0005425393117759517,0.030588069930672646,0.002328976685254443,0.04557288232015235,0.40251222252845764,0.014866660632080687,0.0025546860767977557,0.05713203549385071,0.005871429451464541,0,normal,0.0015030875632261597,58,0.23542944574728608,0.013274406969563498
U0834,0.0603210909288704,0.27263909578323364,0.028563105855065867,0.0004741499226352174,0.023697273805737495,0.002583102693620276,0.15790571503848055,0.5471530556678772,0.0372574729185241,0.0026427014038131816,0.0536554791033268,0.006358554427254385,0,normal,0.0015007259952033206,60,0.22428622609004378,0.018690558973616156
U0469,0.08160908832169551,0.3283369541168213,0.032088035985195044,0.01760287818234342,0.23109140992164612,0.00983386531887239,0.06339885592212796,0.5143892168998718,0.015911603191246588,0.0004838746940103419,0.018359849229454994,0.0034024219700503028,0,normal,0.0014966905014376143,60,0.27304435754194856,0.01530898161634108
U0604,0.05253563224405657,0.18228328227996826,0.03495044154247003,0.04640325099380003,0.2449219822883606,0.022975564255903812,0.06195324391720796,0.5143892168998718,0.014605544053826152,0.003317873438510808,0.07490973174571991,0.005371147976688917,1,email_exfil,0.0014846424469807118,68,0.25412605330348015,0.019475674457222227
U0386,0.04541134131812098,0.29104551672935486,0.020487521357020748,0.016697133547027,0.20886002480983734,0.010497178897870442,0.1566509951941683,0.5326433181762695,0.03861736866107596,0.0019136051299675884,0.044535376131534576,0.00564200160286042,0,normal,0.001484467393091501,58,0.2692710589617491,0.018811017629706894
U0165,0.08696337857355509,0.444456547498703,0.025473058312269068,0.00021433071077925302,0.014189773239195347,0.0019664501578517957,0.08575623202945945,0.4033317267894745,0.027680714697561275,0.0028403045104711676,0.058615006506443024,0.0063085577075133,0,normal,0.0014747650647053713,59,0.23014826350845397,0.01535719521879886
U0019,0.052932899794079113,0.24306365847587585,0.027883079592942017,0.02096622336506229,0.20930667221546173,0.012825438363834705,0.12540086092366626,0.5471530556678772,0.02934450389565442,0.0018092236512748528,0.04542388767004013,0.005099681319501408,0,normal,0.0014726970803910304,61,0.26123681850731373,0.018788175792983138
U0422,0.1110290015456218,0.4342663586139679,0.033285435336615515,7.83308281593174e-05,0.00697233434766531,0.0014626098958811873,0.0210035819284029,0.3695208430290222,0.007399943763769026,0.0027992242875954465,0.054405685514211655,0.0066983433468167436,0,normal,0.0014541880818420506,59,0.21629130537621677,0.012211583085770618
U0578,0.008781796082475752,0.15371626615524292,0.0074376804552261,0.0022384754502774015,0.06080804765224457,0.004792534744669887,0.2852145307981692,0.6863150000572205,0.0541031001179116,0.0014612130738166538,0.0298200361430645,0.00637939330047984,0,normal,0.0014444085954084765,59,0.2326648375019431,0.01817817715457186
U0851,0.08478119472513283,0.3808380961418152,0.028982319586032382,0.00019503828234510967,0.01196698471903801,0.0021218228462918476,0.08775987103565318,0.6217902898788452,0.018374944453017187,0.0028681381255377587,0.053329311311244965,0.007001773882416659,0,normal,0.0014381632031998418,59,0.26698117051273584,0.014120215191939518
U0955,0.05262132932853377,0.2567136883735657,0.026686202839624393,0.006844367455278728,0.1639501452445984,0.005434949411151484,0.15445129743780686,0.5471530556678772,0.03674994776088555,0.0032513516949150413,0.05224047601222992,0.008102719743165234,0,normal,0.0014336045294039775,59,0.2550143413245678,0.019243454938706665
U0263,0.08696326924945752,0.4222632944583893,0.026811833913815832,0.007665045761906395,0.14675632119178772,0.006799734091567119,0.06383782806186988,0.4013978838920593,0.020705085024790112,0.0020964946637679117,0.04312543198466301,0.0063289883623686505,0,normal,0.0014267123339541537,59,0.25338573288172483,0.015161410348135429
U0441,0.06872442706667695,0.4198001027107239,0.02131290168777553,0.018946208351798045,0.1871972382068634,0.013176402900830523,0.08391748534203666,0.4033317267894745,0.027087197220742196,0.0020060958641733443,0.043544571846723557,0.00599779547262936,0,normal,0.0014264897750738002,59,0.26346840988844633,0.016893574320494403
U0710,0.0892605596574925,0.42320019006729126,0.027694897022196928,0.01373103467658079,0.17093518376350403,0.010547700848699857,0.04222039124582705,0.3831886947154999,0.014467569228647083,0.0023904603903169624,0.05519649013876915,0.0056866446753380435,0,normal,0.0014261867546697493,58,0.2581301396712661,0.014599202943720479
U0377,0.10315232018237262,0.42532601952552795,0.03157410460020617,0.008506080428634332,0.19972750544548035,0.005544541024778831,0.021153804778245636,0.3695208430290222,0.007452870004857748,0.0010041056797953723,0.03215137869119644,0.004065873075546011,0,normal,0.001424738072405696,59,0.25668143667280674,0.01215934717634719
U0352,0.08290099172801761,0.443183958530426,0.02435284406071286,0.008829729777366978,0.18369056284427643,0.006257985637209219,0.06953713468632983,0.4176695942878723,0.02167494105711832,0.0030056174449532287,0.057567909359931946,0.0067971560255369635,0,normal,0.0014231026994266764,59,0.2755280062556267,0.01477073169514434
U0671,0.08296535881347222,0.444173663854599,0.02411395055169881,0.012982241369480856,0.16028325259685516,0.010456489538743579,0.062258574961908474,0.391975998878479,0.02050520309712738,0.0007919927600135263,0.02251097373664379,0.004542043665361461,0,normal,0.0014136869107781904,60,0.25473597226664424,0.014904421713232809
U0850,0.08365344963497737,0.4415370523929596,0.024665543805991483,0.008973049363448183,0.1539033204317093,0.007590424440016219,0.06835884899529601,0.4176695942878723,0.021307665744196562,0.001651851224767989,0.032302334904670715,0.006657497443746375,0,normal,0.0014098771492642957,59,0.261353075504303,0.015055282858487659
U0676,0.07458687301495329,0.33401042222976685,0.02882881269633799,0.010488792937460545,0.18925979733467102,0.007154701445788921,0.08686180809182702,0.4998764991760254,0.022433163439078876,0.0023874708889411052,0.04297005757689476,0.007172928867097046,0,normal,0.0014084839411941173,60,0.2665291940793395,0.01639740161207571
U0972,0.016838915217416137,0.17189806699752808,0.012862610551973267,0.018833133031310678,0.23357252776622772,0.010587338937347309,0.2195739475914671,0.9263940453529358,0.031122255104931135,0.0010326845449428609,0.029052909463644028,0.004667282085310474,0,normal,0.0014029128955107674,58,0.3402293873950839,0.014809871669890546
U0234,0.0720385017331151,0.30202916264533997,0.030792160935102744,0.011644798458128755,0.1864945888519287,0.008061022176910211,0.09106746338402401,0.6369830369949341,0.018456942000193523,0.001534596817812259,0.03184644132852554,0.006220965012717746,0,normal,0.0013969881641556709,60,0.2893383074551821,0.015882772531231056
U0688,0.09055241463898465,0.39619457721710205,0.03001079579785412,0.0004872940705742814,0.023736927658319473,0.0026955824730913293,0.06631812773826114,0.5143892168998718,0.01692880896634647,0.0033731009195269593,0.058692555874586105,0.0075462695876687014,0,normal,0.0013936282743595568,58,0.24825331941246986,0.014295364206240155
U0984,0.052179455078418674,0.2798181474208832,0.024277147478981426,0.020032561827760205,0.21432335674762726,0.012168610309622713,0.12013204880072298,0.5471530556678772,0.028584068836407513,0.002239583234252597,0.0428038127720356,0.006811750716486254,0,normal,0.0013880218439108977,59,0.2710245931521058,0.017960394335374476
U0073,0.058417923972255564,0.25715214014053345,0.02885095087876541,0.0065352855956479,0.1616106629371643,0.005135688979584865,0.13937972523946368,0.6942182183265686,0.025498096044400648,0.0008551710715031058,0.023455677554011345,0.004630300465108913,0,normal,0.0013848286962400828,62,0.2841091747395694,0.01602875909196496
U0317,0.09029388945826863,0.35259363055229187,0.0336255890817546,0.017474647286780182,0.21104633808135986,0.010872179169601967,0.024935655604159324,0.40251222252845764,0.008134441155185601,0.002895331062274984,0.04879896715283394,0.0077906483664829185,0,normal,0.0013845118559248375,58,0.25373778957873583,0.015105714443256271
U0583,0.06942421614475981,0.3421157896518707,0.026418725381780073,0.029061325006756403,0.2224704772233963,0.017006581284446983,0.04505048888473952,0.40251222252845764,0.014571170162772602,0.00592311842903507,0.08337721228599548,0.009248622216361227,0,normal,0.0013816354673230429,59,0.26261892542243004,0.01681127476134022
U0530,0.07254719742878743,0.2835647165775299,0.0330288021310641,0.028251602070192332,0.2369067668914795,0.015395364986437225,0.045921938205700216,0.4033317267894745,0.014698810770642012,0.0018913440323162507,0.04863680899143219,0.005020301900973815,0,normal,0.0013772370138029958,60,0.24311000481247902,0.017035819947279287
U0050,0.10021428497669112,0.41414085030555725,0.03150326420639573,0.0009894532995216858,0.040679655969142914,0.003166591370114413,0.04107227107877448,0.3831886947154999,0.0139543632601814,0.001519801084378044,0.03369419276714325,0.005872265569620541,0,normal,0.0013736203219856132,59,0.21792584843933582,0.013624121101578021
U0413,0.053402457655145,0.3158104717731476,0.022014494221131876,0.026522253266060714,0.24571530520915985,0.0140524550008264,0.10084266960147643,0.6217902898788452,0.021114188416119097,0.001301330925418747,0.029849151149392128,0.005675834972928018,0,normal,0.0013712444037731208,59,0.3032913045026362,0.015714243152751346
U0458,0.06686340096342866,0.36593031883239746,0.023788335942422776,0.0005328645418407089,0.02678215317428112,0.0025902717362230768,0.12618983677325507,0.5143892168998718,0.03193791177305314,0.0029391124887748385,0.05240834131836891,0.007301125060212914,0,normal,0.0013662732899473473,59,0.23987750755622983,0.016404411127977976
U0206,0.03625466444549386,0.1902126967906952,0.024606438649789196,0.020599336643031728,0.2428433746099472,0.010950938767223306,0.15904608828942415,0.8954101800918579,0.02293112381788281,0.0017267819751793857,0.045324601233005524,0.00491844579651873,0,normal,0.0013657391966434636,60,0.34344771318137646,0.01585173675785351
U0844,0.046888430074835064,0.23878315091133118,0.025564423728163525,0.022867994966339768,0.2265491783618927,0.013141338152314911,0.11632142168036472,0.5143892168998718,0.029440273463694475,0.0065178670832509175,0.10659006983041763,0.007960910606740626,0,normal,0.001363019373641876,59,0.27157790400087833,0.019026736487728384
U0716,0.08687215329152691,0.41634127497673035,0.027164712487886763,0.014287964115264278,0.21774309873580933,0.00854279423365915,0.04250558664744172,0.38686245679855347,0.014304195041373625,0.00111550809927381,0.029131799936294556,0.004985163462344521,0,normal,0.0013603618455070624,59,0.2625196576118469,0.013749216306316016
U0873,0.05269716426630124,0.3123181164264679,0.021966661768154587,0.021178015141567634,0.18717020750045776,0.01473067089488238,0.10650659546147653,0.40251222252845764,0.034448587892071926,0.005571803453412932,0.083541139960289,0.008682991687015924,0,normal,0.0013581374072614966,59,0.24638542160391808,0.019957228060531206
U0490,0.04408898351947608,0.24733394384384155,0.023207072435945397,0.020371837281678403,0.22179637849330902,0.011957757508922843,0.138770997179683,0.6184083223342896,0.029214427338802588,0.0009938921833586723,0.023493923246860504,0.005507540806370421,0,normal,0.0013504075983608182,59,0.27775814197957516,0.017471699522510313
U0169,0.07546840852919978,0.3354772925376892,0.0292870788527919,0.00586661354531105,0.14681515097618103,0.0052022425719080445,0.09144791538527808,0.5143892168998718,0.023144934077794523,0.0012965551307509817,0.027849256992340088,0.006061098884810374,0,normal,0.0013472747290441056,59,0.25613272935152054,0.015923838596826213
U0123,0.04690614244636585,0.33968761563301086,0.01813159491365272,0.009741107051012164,0.16790658235549927,0.0076177479228598365,0.15624148257140583,0.6369830369949341,0.03220731251800818,0.0013530314161431531,0.03510052710771561,0.005061511704815499,0,normal,0.0013436003930889404,58,0.29491944052278996,0.015754541764834058
U0404,0.051021690213231524,0.26205649971961975,0.02513531200366117,0.01599420564576541,0.22431901097297668,0.009204940147988398,0.12716813407151112,0.5471530556678772,0.03000501476538678,0.002749322852679465,0.05362759530544281,0.006618533835753481,0,normal,0.0013415745476394237,60,0.2717890404164791,0.017740950188197456
U0191,0.07871152670206888,0.3041587173938751,0.033690857295766395,0.010459557181262409,0.21066491305828094,0.006463906774990509,0.06641279901044324,0.5143892168998718,0.016808692123188432,0.0037341875167495515,0.06501077115535736,0.007477988609642094,0,normal,0.0013415385525392405,59,0.2735559046268463,0.01611036120089686
U0111,0.016704606686802174,0.2353735715150833,0.009318898048960023,0.0011716768845775605,0.04839077964425087,0.0031792980668859825,0.2559849297835374,0.8894790410995483,0.037788937616980926,0.0004446049337599684,0.014880097471177578,0.003923326980682383,0,normal,0.0013227804743540254,58,0.297030872432515,0.013552615178377329
U0238,0.0759542376231458,0.4396240711212158,0.022492852712356563,0.02014844333670329,0.2085076868534088,0.012580370227829585,0.04974118032923551,0.4176695942878723,0.015504480542820262,0.0024092015083377076,0.05155340954661369,0.006084007313235924,0,normal,0.001319659954419144,59,0.27933869045227766,0.014165427699060585
U0932,0.05487463542921798,0.43867072463035583,0.01642551514865725,0.018252910758022,0.22521932423114777,0.010641736046072627,0.10889019233205054,0.48141977190971375,0.029699616764415186,0.002828315183253492,0.05940951779484749,0.006251119206158874,0,normal,0.0013195290765253425,58,0.3011798346415162,0.015754496791325984
U0154,0.0731231064665506,0.35397347807884216,0.02712501038737675,0.016366735435821934,0.18234044313430786,0.011785962624066056,0.06521203239297566,0.4033317267894745,0.021230066429968154,0.002241104051004769,0.0533217154443264,0.005518790536890374,0,normal,0.0013053435394572903,58,0.24824184086173773,0.016414957494575333
U0379,0.0408574879294927,0.27283981442451477,0.01966300632093094,0.012843966110732262,0.1860508918762207,0.009064699216241541,0.15680962591022177,0.5471530556678772,0.037631358178573306,0.0030650461371276934,0.06195901334285736,0.006495588827240501,0,normal,0.00130396013133325,58,0.2670006938278675,0.01821366313574657
U0662,0.01722722026114815,0.14081133902072906,0.015794357101466972,0.035352851752605274,0.26142656803131104,0.017458185563652032,0.16196676756257236,0.9263940453529358,0.022571194067131727,0.0032184752483732752,0.0504465326666832,0.008236509943105829,0,normal,0.0012962509504518443,60,0.34476962126791477,0.01601506166883914
U0927,0.07940766310968818,0.3145619034767151,0.03286474639656324,0.007141877638345089,0.1619562804698944,0.005741013990916407,0.07091914769709566,0.4176695942878723,0.022105718808943183,0.0016063442514492197,0.037791572511196136,0.005533726036261769,0,normal,0.0012895222438570214,59,0.2329948376864195,0.016561301308171152
U0035,0.08247518506049466,0.40268415212631226,0.026664457663085946,0.013505634577212622,0.16338445246219635,0.01076163509572063,0.04628463797740381,0.4033317267894745,0.01493992714479692,0.002028331373238376,0.04016312211751938,0.006574843753866335,0,normal,0.0012888473148814719,59,0.2523908633738756,0.014735215914367458
U0632,0.066735670210436,0.2694331407546997,0.031976533967948244,0.009638782122828699,0.19440434873104095,0.006400892929798374,0.09911218630736733,0.5143892168998718,0.02487479871682202,0.0009244137681639739,0.022835202515125275,0.00522619863889607,0,normal,0.0012883886152960946,60,0.25026547722518444,0.01711960606336618
U0139,0.09588360275974746,0.43542301654815674,0.028914718261634772,0.008115509778751367,0.17713060975074768,0.006016005033718008,0.023948896627653912,0.3938570022583008,0.007984228207376497,0.002242502013102624,0.05686337128281593,0.00517828847249928,0,normal,0.0012879227641131813,58,0.2658184999600053,0.01202330999380714
U0954,0.07018913461176662,0.34489285945892334,0.026494741039660936,0.00563034936824293,0.1609984040260315,0.004552896391287196,0.09681837964218828,0.5471530556678772,0.02303684367285252,0.0022816980969946514,0.048796676099300385,0.0060875414921757525,0,normal,0.001283057912867899,59,0.2754602488130331,0.015043005648994101
U0107,0.06428093259805202,0.282141774892807,0.029661203538368635,0.00032505573448984073,0.018754180520772934,0.002256491667787363,0.1228005493945883,0.5143892168998718,0.031080102903168587,0.003044191077938499,0.05850587785243988,0.006774018881554577,0,normal,0.0012727245695372345,59,0.2184477625414729,0.01744295424771979
U0526,0.07434661864443035,0.4172843098640442,0.023394575493535616,0.0128321771199429,0.18555717170238495,0.009080475779973281,0.06493572862631714,0.5143892168998718,0.016575928520539712,0.003188949802520798,0.056363485753536224,0.007429093810285708,0,normal,0.001270173824533563,58,0.2933985460549593,0.014120018401083581
U0791,0.04666813120705327,0.27138444781303406,0.022387698441519405,0.001122678180333088,0.04329061135649681,0.0033762574632146616,0.16570968729410623,0.917304277420044,0.02351843794784114,0.003484854887275749,0.06720248609781265,0.006751081530529842,0,normal,0.0012686818590058508,59,0.32479545567184687,0.014008368845776262
U0175,0.03869816252204112,0.18114489316940308,0.0273526451768345,0.010900345099080022,0.19094444811344147,0.007309173900928906,0.16395547343494113,0.5471530556678772,0.03836649918898207,0.002420948166369854,0.05093393474817276,0.006085739325536436,0,normal,0.0012646518390832036,61,0.24254408292472363,0.019778514398070476
U0328,0.06750502522971263,0.42410025000572205,0.02072247238776858,0.006264140745275711,0.15577034652233124,0.005235410205248134,0.0988208780371638,0.5471530556678772,0.02351331562632537,0.00286462272937377,0.07461637258529663,0.004998127094449185,0,normal,0.0012625560267896512,59,0.3004100061953068,0.013617331328447816
U0257,0.07312445849013223,0.335212767124176,0.028162194055873137,0.02326337408637367,0.26924028992652893,0.011154677783391282,0.0452483496833955,0.4033317267894745,0.014483206843336423,0.0009747369956937454,0.027310578152537346,0.004607665364642344,0,normal,0.0012595035601408531,60,0.2587738404981792,0.014601936011810795
U0371,0.046001857083351014,0.26682502031326294,0.022257336308424178,0.0304619458028797,0.2107013463973999,0.01866442887129741,0.09088189200015616,0.6369830369949341,0.018419331638142467,0.005020546249275753,0.07516110688447952,0.008623472439540099,0,normal,0.0012584389345445895,60,0.2974176276475191,0.01699114231435104
U0347,0.02669621762381195,0.26994597911834717,0.01298550590928716,0.00029447844480725503,0.014801821671426296,0.002612307795625092,0.2206424567221162,0.8954101800918579,0.03235586837600467,0.002423457093417181,0.05260523781180382,0.006049122090534466,0,normal,0.0012562567296061959,58,0.3081908046733588,0.013500701042862847
U0691,0.049043559887029055,0.3327096998691559,0.019190686820450737,0.01938605668758796,0.2557961344718933,0.009866644832535234,0.11810778898373926,0.5143892168998718,0.029892392610436528,0.0003625449689236071,0.01894316077232361,0.002491629314295867,0,normal,0.0012510400677801536,59,0.28045955300331116,0.015360338394429593
U0184,0.06654177288761133,0.44967541098594666,0.019103792937797456,0.0055358477082430016,0.15183445811271667,0.0047069346110374015,0.1008312968599372,0.5471530556678772,0.02379090149576465,0.0033442277774075606,0.05671156197786331,0.007612873540013728,0,normal,0.0012504831032603642,60,0.30134362168610096,0.01380362564615331
U0327,0.049945257233658245,0.4469549059867859,0.014548041784106342,0.011353519760418738,0.22983011603355408,0.006431282370289471,0.13044860527334826,0.5471530556678772,0.031038777328538315,0.0030628286275395517,0.061783649027347565,0.006453913451498581,0,normal,0.0012501517888272912,59,0.3214304316788912,0.014618003733608177
U0964,0.08528071608744874,0.42809027433395386,0.025718157513483674,0.01668629387158292,0.21012932062149048,0.010251740544572386,0.02638416215711857,0.4176695942878723,0.008155203860951588,0.002114106230099815,0.04870202764868736,0.0056040775689761325,0,normal,0.0012499643294958242,60,0.276147804223001,0.012432294871995944
U0908,0.06944266621951974,0.439444363117218,0.020749540908597958,0.007004053487352839,0.1553838849067688,0.005918742986345159,0.09343366291912662,0.5143892168998718,0.02385050188428883,0.0011532544751513716,0.029665926471352577,0.005104500324905373,0,normal,0.0012483232190698631,58,0.2847208478488028,0.01390582152603433
U0200,0.0538952026052556,0.2831488251686096,0.024780458580715863,0.013396417472066787,0.24981048703193665,0.006981552385788709,0.11686014983955316,0.6217902898788452,0.024467888759780614,0.0015101075974163056,0.02955513447523117,0.006651949553342694,0,normal,0.001241011158635961,59,0.29607618413865566,0.01572046231990697
U0902,0.06627696309962162,0.37549468874931335,0.023176337418707872,0.011278609422110704,0.18062981963157654,0.008198834355567957,0.08700485964403266,0.4033317267894745,0.028324818015821148,0.0022075466214883347,0.057662565261125565,0.005026919474125166,0,normal,0.0012299084634384864,58,0.2542797001078725,0.016181727316055536
U0798,0.07442778662304307,0.3185098469257355,0.030167312028015657,0.01095429587138863,0.16839481890201569,0.008398082109640844,0.0663539249211583,0.5143892168998718,0.016653255144289385,0.002147729401640545,0.04607253894209862,0.0060181331408481736,0,normal,0.001228275715201055,60,0.2618416054174304,0.015309195605698515
U0854,0.08093353082911584,0.4426165819168091,0.024009704258913127,0.015106348974932434,0.1703621745109558,0.011643199572478712,0.03929968332629811,0.5143892168998718,0.010031900087628385,0.001977152026255119,0.05749105289578438,0.004515707518168773,0,normal,0.0012278096877236244,58,0.2962147565558553,0.01255012785929725
U0901,0.08632006349828675,0.42568451166152954,0.026399633425171487,0.007589462171332656,0.18284310400485992,0.005403888871793027,0.04373428611377589,0.5471530556678772,0.010406081118794569,0.0017302189976530255,0.044370245188474655,0.005076720358563423,0,normal,0.001223803662744562,59,0.30001272913068533,0.011821580943580627
U0838,0.071079462614683,0.44098493456840515,0.021164420718033115,0.00021219087174458593,0.012023504823446274,0.0023172965672908037,0.10157539989467934,0.6217902898788452,0.021450163573749233,0.0016852918302479511,0.04095296189188957,0.005403508032988361,0,normal,0.0012202511896286722,58,0.27893792279064655,0.01258384722301538
U0240,0.03538164165452662,0.2686833441257477,0.017143963317505687,0.011094849530281801,0.19568271934986115,0.007381471305399242,0.16973269514719955,0.9263940453529358,0.023853040560764278,0.0008304993365318412,0.02563505806028843,0.004217731980130364,0,normal,0.001219198200937641,59,0.35409879172220826,0.013149051790949893
U0836,0.06732249132301119,0.3084318935871124,0.028178980313047455,0.007495336932703599,0.180703803896904,0.0053548614710100155,0.09083093049648384,0.5143892168998718,0.02279640070046298,0.00217360474168832,0.04783044382929802,0.0058667899158121395,0,normal,0.0012064325743081149,60,0.26283883955329657,0.015549258100083148
U0392,0.06691474659299401,0.28461983799934387,0.030101750585941535,0.00021051020119863302,0.014115560799837112,0.0019094579193644349,0.10915744685451717,0.4176695942878723,0.033462284800795015,0.002304359689573099,0.047407254576683044,0.0062235838698238245,0,normal,0.0012023381506114823,61,0.19095306191593409,0.017924269293981204
U0474,0.024586190823007656,0.1858946532011032,0.017074528676047862,0.02037639386220732,0.22359542548656464,0.011764914825122237,0.1708560659661046,0.9338813424110413,0.023619085495981077,0.001965476019642398,0.046330105513334274,0.00547682463134341,0,normal,0.0012018250570535773,60,0.34742538165301085,0.014483838407123646
U0059,0.08256719183355796,0.2710495889186859,0.03932630436005032,0.018968675167824772,0.24270498752593994,0.010089802682327332,0.02119531780465354,0.3695208430290222,0.007405005195566142,0.0021893707967887855,0.05842675268650055,0.004837622176341938,0,normal,0.0011959756280593731,60,0.23542554304003716,0.015414683603571434
U0595,0.04886478853944522,0.35532572865486145,0.017753898931520476,0.012522775578277552,0.17397038638591766,0.009292865349196747,0.12447171338182764,0.6369830369949341,0.025227091094711794,0.002566233841836961,0.04577997326850891,0.0072367749638866975,0,normal,0.001193520140637233,60,0.3030147813260555,0.014877657584828927
U0860,0.07201266365323947,0.3066330850124359,0.03057481633941549,0.009872028637585338,0.203524649143219,0.006314855045367672,0.07160490993689858,0.5471530556678772,0.01703758235286795,0.0017789313918973937,0.043815888464450836,0.005285688564973976,0,normal,0.001191870444606868,59,0.27528166957199574,0.014803235575656272
U0332,0.039638955991994226,0.319118857383728,0.016171255297549425,0.03306552681447812,0.2566883862018585,0.01677039226698356,0.09358324778673548,0.5143892168998718,0.02368537425576567,0.004762129648786201,0.0814337208867073,0.007613264703788938,0,normal,0.0011918681388754155,59,0.2929075453430414,0.016060071631021897
U0689,0.07591505023609138,0.38238808512687683,0.025629958736233978,0.016323402996628582,0.17713230848312378,0.011896995434422781,0.04510585189194808,0.4033317267894745,0.014437595787846173,0.0018918321452144396,0.04082992300391197,0.00598175215069053,0,normal,0.001190952181399311,60,0.25092051085084677,0.014486575527298366
U0077,0.08307222865802626,0.3473149836063385,0.03062438843266673,0.015169097266316106,0.21844901144504547,0.008890879718475311,0.026437348447740282,0.4176695942878723,0.008104385991321236,0.0026543735323323243,0.051552869379520416,0.006592411040292175,0,normal,0.0011802406282802422,61,0.2587466146796942,0.013553016295688863
U0545,0.08952087463013422,0.37933528423309326,0.030466702412650194,0.00031202782421708324,0.016661876812577248,0.002417651945495673,0.045921938205700216,0.4033317267894745,0.014698810770642012,0.002568259775769706,0.05444372817873955,0.006089974409072359,0,normal,0.001176342065145792,60,0.21344315400347114,0.01341828488446506
U0903,0.05808439761032045,0.28527045249938965,0.026286155546813048,0.01871050198469221,0.19711695611476898,0.012254224431729691,0.08448439206206856,0.4033317267894745,0.027041979073934876,0.0016664254545624695,0.03260083496570587,0.006599051875006505,0,normal,0.0011758318630790546,60,0.22957999259233475,0.01804535273187103
U0982,0.0764537092322012,0.32951000332832336,0.030466036650705457,0.02474248430720091,0.2071593552827835,0.015682841598108694,0.021435007016336344,0.3695208430290222,0.007616767396845309,0.0013445880846554637,0.029036452993750572,0.006080393672732498,0,normal,0.0011711725345878335,58,0.23380666365846992,0.01496150982959799
U0170,0.05100732715514476,0.25990819931030273,0.025769060753849896,0.011968034668991082,0.21548210084438324,0.007292856040333484,0.12064725361412869,0.6234813332557678,0.025408556217183197,0.0007332551942251157,0.021067850291728973,0.004570049748614456,0,normal,0.001169510877027533,58,0.2799848709255457,0.01576013068999526
U0223,0.09001118622621969,0.3432152569293976,0.034436254048194545,0.00971672118920003,0.15416821837425232,0.008275817233284058,0.02128052822893639,0.3695208430290222,0.007561874529748256,0.0020359764615661665,0.04923579469323158,0.005429724618446424,0,normal,0.0011675577061738918,58,0.22903502825647593,0.01392591760741832
U0104,0.05512344294659581,0.29961302876472473,0.023556497776948782,0.012102959241809045,0.1580824851989746,0.009802636499076813,0.10739576906209479,0.5471530556678772,0.02513121154357786,0.0014476901114211377,0.029714977368712425,0.006237855162266971,0,normal,0.0011632457468197532,61,0.25864088675007224,0.016182050245467608
U0735,0.034064168279881894,0.20752255618572235,0.02119126371533942,0.008938401466286175,0.19272184371948242,0.005987607035528223,0.16763513214900067,0.5143892168998718,0.04207242646371014,0.0029162561960378018,0.05533638969063759,0.0068036071402995425,0,normal,0.0011628702065611357,60,0.24249250162392855,0.019013726088719332
U0573,0.06648020113566358,0.2992020845413208,0.02917519134367969,0.007046699683702966,0.1324106752872467,0.006987933540052648,0.08248551744795,0.3889685571193695,0.02784512747994399,0.005278716508445239,0.08182601630687714,0.008470770863415713,0,normal,0.001159468898677636,58,0.22560183331370354,0.01811975580677301
U0401,0.03180643159335203,0.1923140287399292,0.0217165076405719,0.011950135528427032,0.21142098307609558,0.007421825618241597,0.16091811160377775,0.5471530556678772,0.0386173174001983,0.004855448795471242,0.08446294814348221,0.0075482998791768265,0,normal,0.0011505614836359943,58,0.25883775390684605,0.018825987634547157
U0359,0.07982042512982529,0.305597186088562,0.03344257949279157,0.01130877965641856,0.1652877926826477,0.008760119785957116,0.04461291201639811,0.40251222252845764,0.014191117038431227,0.0005315068737715069,0.017901698127388954,0.0038014539903604722,0,normal,0.0011498427687603849,61,0.22282472485676408,0.015048817576885096
U0464,0.0807374268104251,0.27748265862464905,0.0375632734435006,0.0009443935090133152,0.04067244380712509,0.002997623608111629,0.06701170366694022,0.5143892168998718,0.01681834194653978,0.0009256137155571621,0.019240304827690125,0.0062107236821854405,0,normal,0.0011492508696016625,60,0.21294615603983402,0.01589749067008436
U0694,0.06309871884625676,0.37109696865081787,0.021770490656957114,0.017013740335586378,0.21155387163162231,0.0102970756893079,0.07200001259952775,0.5471530556678772,0.016848406260146102,0.0015070354363009666,0.03250795975327492,0.005935657502862743,0,normal,0.0011457309408646119,61,0.2905779639258981,0.013712907527318465
U0780,0.05199907518301427,0.41387537121772766,0.016356863541235632,0.0066069889214116495,0.17475716769695282,0.004922010947399607,0.12350819148096594,0.5471530556678772,0.029387383986169757,0.0030607600196501054,0.06162457540631294,0.006466202989709712,0,normal,0.0011425663106363686,59,0.29935254249721766,0.014283115366128677
U0071,0.10281603747940626,0.43745487928390503,0.030342542719881748,0.0003928088294630339,0.019620578736066818,0.002584602753429503,9.901463625293934e-06,0.0011306075612083077,0.0011306075612083077,0.005978013598586503,0.09361221641302109,0.008244204299353441,0,normal,0.0011411073861333245,60,0.1379545704985503,0.01057548933346825
U0952,0.04009193834006023,0.2532517611980438,0.020437555731587054,0.04106369159778646,0.27580147981643677,0.019221433450112357,0.07108555803750038,0.5471530556678772,0.01677246610634029,0.0021128594651583094,0.04814603179693222,0.005665451001201897,0,normal,0.0011406253252596295,60,0.2810880821198225,0.015524226572310399
U0271,0.03684640424031795,0.25411853194236755,0.018876991004710086,0.0010605387955004665,0.04767455905675888,0.002896102104997781,0.1772199062518774,0.8954101800918579,0.025767036283515014,0.0021286882668975914,0.044916462153196335,0.006169934006374845,0,normal,0.0011313261949767403,59,0.31052993331104517,0.013427515849899433
U0638,0.07698519846898827,0.31886962056159973,0.03170152044010043,0.014138143601522556,0.20937255024909973,0.008866631281730876,0.04162869878618037,0.3831886947154999,0.014264815266179884,0.0010803374027845475,0.025507451966404915,0.005561325797316385,0,normal,0.001131311108197849,58,0.23423457937315106,0.015098573196331894
U0621,0.07657695369818937,0.392705500125885,0.0253866324892329,0.004453335359934846,0.10823268443346024,0.005356744903603951,0.06394336133133138,0.5081132054328918,0.01638358634880791,0.002373824885674871,0.051989130675792694,0.0059444286278302555,0,normal,0.0011292027439024042,59,0.26526013016700745,0.013267848092368755
U0649,0.048092862544334994,0.27935588359832764,0.022412835269294145,0.008359504395399453,0.18205681443214417,0.005977885403361815,0.128698112842261,0.5471530556678772,0.030622267357657773,0.0024043318090181034,0.04637928307056427,0.006749076724113597,0,normal,0.001127617371016585,59,0.2637362591922283,0.016440516188606834
U0063,0.08203997862924135,0.28167831897735596,0.037600748743913455,0.000447650605360291,0.021039102226495743,0.0027468588738808345,0.06080480477481137,0.6507595181465149,0.012062622709587837,0.0012964453990886222,0.03620278835296631,0.004623135093889393,0,normal,0.001123647481673249,60,0.24741993192583323,0.01425834135531788
U0440,0.06093473497554105,0.3495458960533142,0.022890048995656078,0.005771259651862304,0.15746711194515228,0.004812455811453731,0.10311293052025637,0.3978710472583771,0.034029596226273814,0.0010664675864517294,0.027503667399287224,0.005091468439627925,0,normal,0.0011214183041122346,58,0.2330969306640327,0.016705892368252886
U0459,0.08139154711214823,0.43834802508354187,0.023970915684124825,0.007194009099641808,0.16497358679771423,0.005629644109744921,0.042391038010323456,0.38686245679855347,0.014146266660342613,0.0028618497450564307,0.059215232729911804,0.006239327219797512,0,normal,0.0011197164191797324,60,0.26234982535243034,0.012496538418502467
U0619,0.06672330874238597,0.28591376543045044,0.03038201007611706,0.00461720485420935,0.14434437453746796,0.004164408025398018,0.0902935350518603,0.4176695942878723,0.028144775578057616,0.000804370949040682,0.01945393718779087,0.005382981186242324,0,normal,0.0011139575293164462,59,0.2168454178608954,0.017018543716453755
U0231,0.0842944880699319,0.35875192284584045,0.030852541361723683,0.011786853302872146,0.175981342792511,0.008794623550894075,0.025030049667446617,0.4033317267894745,0.008148643704018844,0.00142026131106258,0.03750397264957428,0.004972525130252224,0,normal,0.0011114694913487797,58,0.24389224126935005,0.013192083436722206
U0244,0.05890802403306779,0.25398093461990356,0.02994316566576103,0.0010725626859372714,0.040318701416254044,0.00343431813234929,0.11495456916011258,0.5022635459899902,0.029547378428590794,0.002943283081675394,0.05207081511616707,0.00729729717313603,0,normal,0.0011094888171456964,60,0.21215849928557873,0.017555539849959285
U0626,0.0671874539499892,0.3779178261756897,0.022951717031152914,0.01134466385202922,0.1726573258638382,0.008482639229159379,0.07046254502658714,0.5471530556678772,0.01662546768784523,0.0013251767340605183,0.034500762820243835,0.004958718785957217,0,normal,0.0011063249762258154,60,0.28305724263191223,0.013254635683528686
U0514,0.029329082432234165,0.18397806584835052,0.020754220261597626,0.010483626633819113,0.1956673264503479,0.006975369671301828,0.17084096479165212,0.6217902898788452,0.035770258106591214,0.0017708320365992132,0.03818260505795479,0.006037898514909626,0,normal,0.0011050843889756482,59,0.2599045718088746,0.017384436638600075
U0613,0.04406789667039064,0.27895691990852356,0.020566442584091398,0.018877598817411037,0.21209846436977386,0.011587325911454697,0.1107192624063439,0.4176695942878723,0.03451153829346521,0.002024086525445894,0.053291767835617065,0.0049447340777207935,0,normal,0.0011031032075808473,59,0.2405041866004467,0.017902510216683026
U0841,0.07810503419717338,0.42046043276786804,0.02439157796919156,0.018357270297864416,0.21374371647834778,0.011277186153439457,0.02321596954374462,0.38686245679855347,0.007879819022491574,0.0016221292942992685,0.03989085182547569,0.005339470117197881,0,normal,0.0011007965170306891,58,0.26523936446756124,0.01222201331558012
U0446,0.03881415712289126,0.23429687321186066,0.021386909987783535,0.018484920476959123,0.20883288979530334,0.011427285110342685,0.12553451586709902,0.5471530556678772,0.029619566486993185,0.001733828856755786,0.040002211928367615,0.005595599146212038,0,normal,0.001099596290558181,60,0.2575712576508522,0.01700734018283286
U0593,0.06630807121727485,0.4471684992313385,0.019304972501092796,0.01294781798296611,0.24143284559249878,0.006981909684423892,0.06676428183232044,0.4033317267894745,0.021550422559997413,0.001878506875471821,0.03788924589753151,0.006454622112275918,0,normal,0.0010987968454575887,59,0.2824555793777108,0.013572981714447506
U0299,0.044090818199669875,0.21528354287147522,0.026222398241302194,0.01711254073386667,0.22292739152908325,0.009828475129324943,0.11509458144739203,0.5143892168998718,0.028648250432852962,0.0014386360414650103,0.032569460570812225,0.005655557902400921,0,normal,0.0010955106562731151,61,0.24629240296781063,0.017588670426470256
U0912,0.024037998673011554,0.19133903086185455,0.016355684751311023,0.03168486734480329,0.21532496809959412,0.01915717629310813,0.1287572221958669,0.6507595181465149,0.025758766596821154,0.0023161028719647174,0.05664481222629547,0.005323186692119873,0,normal,0.001086244512430852,59,0.27851708233356476,0.016648703583340044
U0506,0.050484149001731926,0.3165416419506073,0.020763386263582616,0.015940595962656172,0.18103131651878357,0.011463700693731602,0.0981147415425175,0.5083309412002563,0.025128219270747217,0.002241527866217593,0.06005280837416649,0.004859424225721545,0,normal,0.001083584966103102,59,0.2664891770109534,0.015553682613445745
U0057,0.05482607296615157,0.2800416946411133,0.024863862642119313,0.007228971312186313,0.14841386675834656,0.0061859467365219375,0.1061363896575058,0.5471530556678772,0.02463540105682407,0.0033389225546199934,0.06757073849439621,0.006275550599697923,0,normal,0.001083022849063289,62,0.2607948388904333,0.01549019025879081
U0741,0.04654221144956976,0.2649880051612854,0.023062522241813526,0.011230097336639717,0.16511297225952148,0.008930758145543576,0.12023018680882738,0.5735222697257996,0.027526388747681832,0.0013205692239238662,0.027614330872893333,0.0062793205070192926,0,normal,0.0010720541724456728,58,0.25780939450487494,0.016449747410514557
U0544,0.056260343888037266,0.2658926844596863,0.02778318283713259,0.019707601399698457,0.2084048092365265,0.012416867199445293,0.07290980385131544,0.5471530556678772,0.017496980351379848,0.001743176116779096,0.04563964530825615,0.005015162501692806,0,normal,0.0010713062135857053,58,0.26677254866808653,0.015678048222412633
U0706,0.07606402754896004,0.38165733218193054,0.025729425071646498,0.01818385067497057,0.21923185884952545,0.01070795567816655,0.022626845170232054,0.3831886947154999,0.007623171536639954,0.0026939697260319998,0.05764550343155861,0.006033254554709325,0,normal,0.001068721738313365,60,0.2604308472946286,0.012523451710290581
U0723,0.06057536630033958,0.27898889780044556,0.02826722150265118,0.012383553691478533,0.19556008279323578,0.008244020692457572,0.07138260767271022,0.5471530556678772,0.01698468803128196,0.005505700739312077,0.09770230203866959,0.007336379680733228,0,normal,0.0010619872823005578,59,0.27985108457505703,0.015208077476780985
U0456,0.06661065680940477,0.29423531889915466,0.029472902512787773,0.01748520688380736,0.19180960953235626,0.011867914480547878,0.0419174647602513,0.3831886947154999,0.014241519030893884,0.005876366698204949,0.12256269156932831,0.006242011913801141,0,normal,0.0010595251264935539,59,0.24794907867908478,0.01545608698450767
U0075,0.050060142519325966,0.32037317752838135,0.020517381615318613,0.009081193243134514,0.14105653762817383,0.0084534833401982,0.11092144184433776,0.4176695942878723,0.03487134102033451,0.0031851811683908686,0.06224747374653816,0.006718903628705542,0,normal,0.0010582393448678672,58,0.2353366957977414,0.01764027740113922
U0673,0.051968897342987,0.3507063388824463,0.01945744850664941,0.019850409488961884,0.2329016923904419,0.011191359041010306,0.08336321491677583,0.3938570022583008,0.02779213348925435,0.0007367392519464658,0.020936034619808197,0.004620674587025358,0,normal,0.0010545839845572595,58,0.2496002670377493,0.015765403905984857
U0670,0.07693343508673878,0.3314705491065979,0.030216500859433552,0.026621515332980357,0.2184944748878479,0.015862305404468504,9.818604732392917e-06,0.0011306075612083077,0.0011306075612083077,0.0013526129753940617,0.03535281866788864,0.004981079780352396,0,normal,0.001054420219185315,59,0.1466121125558857,0.013047623401365688
U0762,0.019429825077057237,0.1686154156923294,0.014876336313257828,0.020571728430750662,0.201059952378273,0.013208989105415488,0.16153140384673623,0.9115462899208069,0.02287718659693686,0.0029012709794371313,0.05997314304113388,0.006245336727079121,0,normal,0.00104526484548549,60,0.3352987002581358,0.014301962185672324
U0764,0.07115567191579777,0.40495601296424866,0.022684334717477366,0.01411859730694733,0.19026681780815125,0.009579721234200634,0.04272735942734806,0.5397089719772339,0.010220468195620924,0.002435900290440997,0.051424652338027954,0.006115226082545178,0,normal,0.0010451333730669967,60,0.29658911377191544,0.012149937557461027
U0211,0.03577859656338,0.2639963924884796,0.017795545776897567,0.011053906511838024,0.16951613128185272,0.00856230626701243,0.14132781535924843,0.5143892168998718,0.03607628365641396,0.003299528630465278,0.062416817992925644,0.006941227517141711,0,normal,0.001044394386944558,58,0.25257963966578245,0.017343840804366416
U0832,0.03562795944380384,0.2530251443386078,0.018178232041706602,0.017152902983069655,0.18408244848251343,0.012029556708634459,0.1266835945780958,0.4033317267894745,0.04054920713727673,0.0030603274463520793,0.05042377859354019,0.007835322648867304,0,normal,0.0010414802757760058,60,0.22271577455103397,0.01964807963412127
U0934,0.03365941560012101,0.2098148912191391,0.020885470215047254,0.01742115455112786,0.19528762996196747,0.011613849476700926,0.13268114553080212,0.5280995965003967,0.03270900784399739,0.002073029934573707,0.04115450009703636,0.00655786144835798,0,normal,0.0010390590026817161,59,0.24358915444463491,0.017941547246025886
U0859,0.02250154754133216,0.17533597350120544,0.016567833961137996,0.0003084494077680754,0.0162418894469738,0.002451725056031743,0.20336736503276895,0.6156799793243408,0.042643280296276016,0.0022439399736739413,0.04459698125720024,0.0064957626450147165,0,normal,0.0010352776271955648,60,0.21296370588243008,0.017039650489615116
U0948,0.048182025159578645,0.2637709975242615,0.023985236857133087,0.00034235902540952527,0.018691398203372955,0.002405060439820051,0.13647505886104494,0.5471530556678772,0.03275144489779105,0.0017913363649892356,0.04863012954592705,0.004836795425693834,0,normal,0.001032963040885107,58,0.21956139523535967,0.015994634405109506
U0612,0.03843330239521379,0.25716301798820496,0.019456879233152674,0.016908581926141454,0.23054595291614532,0.009548247710924088,0.12252486516463437,0.6217902898788452,0.025653952825419858,0.0006897467385444372,0.023230524733662605,0.003865490675445348,0,normal,0.0010286208884614622,59,0.2831824463792145,0.014631142611235493
U0183,0.07207492870011813,0.3177788257598877,0.029280847338516006,0.011126360344222857,0.1733916997909546,0.008284173611737817,0.0433764064493159,0.3938570022583008,0.014218028271958854,0.003020462037838061,0.05478382855653763,0.007117793382114475,0,normal,0.0010224202815517904,60,0.23495283909142017,0.014725210651081788
U0627,0.07996118295343273,0.32223764061927795,0.032035190894782774,0.018203328336845355,0.1663571000099182,0.014126476014538269,9.901463625293934e-06,0.0011306075612083077,0.0011306075612083077,0.0054612109320199215,0.10187557339668274,0.006920592210225133,0,normal,0.0010179678227041564,60,0.1479002303967718,0.01355321667018862
U0986,0.08712641273665303,0.41277697682380676,0.02747947058271212,0.014054328485912971,0.2059931606054306,0.00888241975981189,9.818604732392917e-06,0.0011306075612083077,0.0011306075612083077,0.0007500401140753707,0.022910617291927338,0.004262080955706582,0,normal,0.0010161296436949048,59,0.16070284057059325,0.010438644714859726
U0566,0.06320382614827083,0.4424773156642914,0.01844067160229012,0.028110023719798833,0.22978359460830688,0.01579307027464362,0.02355059985155131,0.3938570022583008,0.007719475215223307,0.0030588709770420055,0.057685695588588715,0.0068456926981070865,0,normal,0.0010152684522927217,60,0.28095090202987194,0.012199727447566033
U0438,0.0715060161781819,0.35809290409088135,0.025779307236374886,0.0001210807438159257,0.008913935162127018,0.0017535977687980282,0.06936072506133878,0.4176695942878723,0.021439030333810175,0.0035913167388389212,0.05966222658753395,0.007771030748727981,0,normal,0.0010111293109404615,60,0.21108466503210366,0.014185741521927767
U0318,0.05899124026339738,0.29934918880462646,0.02565567442480118,0.014146050043789013,0.17184098064899445,0.010717227304719202,0.06481518025063239,0.4033317267894745,0.02092128432103259,0.004642563733219534,0.08549580723047256,0.00706947318431183,0,normal,0.0010061473703946295,59,0.240004425868392,0.016090914808716203
U0492,0.039916867144455324,0.2617570757865906,0.020023685777828336,0.01675705763558228,0.18147030472755432,0.012124900912336388,0.11411104483265287,0.5143892168998718,0.029128748726838363,0.001548673046192575,0.030466098338365555,0.006674656239308151,0,normal,0.0010059215595572127,58,0.24702067393809557,0.01698799791407781
U0131,0.06843083683708305,0.38917163014411926,0.023088551134509906,0.0055085136062677335,0.1492956429719925,0.00484477147222543,0.06584261257795752,0.5143892168998718,0.01680742578524775,0.002090475653373655,0.04739103466272354,0.005792085000425216,0,normal,0.0010038441226130292,58,0.2750618811696768,0.012633208348102075
U0555,0.06604087712595269,0.39660316705703735,0.021678570892525662,0.014782795686347562,0.1628766804933548,0.011816032017770216,0.04821147403757063,0.4176695942878723,0.015027666336193807,0.0025095961591226922,0.048091430217027664,0.006793759085213478,0,normal,0.0010025305831498103,59,0.25631021801382303,0.01382900708292579
U0795,0.060768822583579844,0.3487516939640045,0.022129349675827643,0.01421166047931519,0.16900470852851868,0.010679481663388404,0.0641560228596819,0.5143892168998718,0.01583980142529453,0.0020644956644036445,0.04810573160648346,0.005450311279233692,0,normal,0.0010017220639802172,62,0.2700628377497196,0.013524736010936067
U0900,0.06058680819272649,0.25357314944267273,0.03084602341192048,0.030615699924822045,0.24823275208473206,0.015922435019217397,0.026436593632414997,0.4176695942878723,0.008171410150437926,0.000679894817301442,0.018766410648822784,0.004677188681872242,0,normal,0.0010000899226415296,60,0.23456047661602497,0.014904264315862012
U0428,0.024119543430072412,0.1834302395582199,0.01711875370210788,0.005833487521985762,0.14437444508075714,0.005260317276251645,0.17918631337793695,0.6217902898788452,0.037517586525655906,0.002442407335549279,0.05576683580875397,0.005701853916854693,0,normal,0.0009946339427090983,59,0.25134045258164406,0.016399627855217532
U0941,0.05112342602793866,0.258637398481369,0.025954617339611387,0.0006766727177866181,0.0349854901432991,0.002539666599556634,0.1202149870624126,0.5143892168998718,0.030686881856848324,0.0028582185944866093,0.06376121193170547,0.005886062648516662,0,normal,0.0009936441296105256,58,0.21794332936406136,0.016266807111133253
U0768,0.04156478971627541,0.25848475098609924,0.02075941137025463,0.021168535548480756,0.22300827503204346,0.01225446090600381,0.09666107654982874,0.54102623462677,0.023065224059003717,0.0016736134583981246,0.04272665083408356,0.005056857118316316,0,normal,0.0009924298555353313,60,0.26631147786974907,0.015283988363394618
U0303,0.04353735196261892,0.3074681758880615,0.018434689777669034,0.012008634952706614,0.1756410002708435,0.008901060142269386,0.10983527160833466,0.5471530556678772,0.02613406660137856,0.002577491673219412,0.03713550791144371,0.009036118067882144,0,normal,0.0009750770455183541,59,0.2668494349345565,0.01562648364729978
U0554,0.03707341428996333,0.24054725468158722,0.019896952100900003,0.01294055775003746,0.18547774851322174,0.009007111824873466,0.12472095053934536,0.5297868251800537,0.030392234599761044,0.002040496423051558,0.052630066871643066,0.005005255952361646,0,normal,0.0009700744581964583,60,0.25211047381162643,0.01607538861947404
U0965,0.05396994468720851,0.3528681993484497,0.020082855104537257,0.008303262777283962,0.1910015344619751,0.005708183546552203,0.09331595393827623,0.5143892168998718,0.02382045470234328,0.0008013348247488711,0.02462252601981163,0.004273339676009819,0,normal,0.0009642833655539016,58,0.27072036918252707,0.01347120825736064
U0949,0.049474956301728615,0.29054179787635803,0.022359536821738857,0.0001593748104485365,0.011649155989289284,0.001796433824642134,0.11923805294595519,0.5143892168998718,0.03043750311842124,0.0037704798587669787,0.08043645322322845,0.006155023507192019,0,normal,0.0009613845316782183,58,0.2242541559971869,0.015187124317998561
U0004,0.06030505257645635,0.315825492143631,0.024858820193018754,0.0007350947549542995,0.02843533456325531,0.0033655726962637097,0.09020748143905996,0.5003236532211304,0.023472833425453785,0.0027517775738687736,0.06400671601295471,0.00559708336748476,0,normal,0.0009541323281927538,59,0.22714779898524284,0.014323577420555253
U0289,0.05745215206241272,0.4130426347255707,0.018108622407659546,0.010019038292607719,0.19519703090190887,0.006682313139513108,0.06803562063272008,0.5280995965003967,0.016772372894762556,0.00583106158128036,0.10077415406703949,0.00753307794202864,0,normal,0.0009479711221152384,59,0.30927835404872894,0.012274096595990963
U0684,0.05599163005101489,0.3359261155128479,0.021699680387320182,0.0001554380220297899,0.010063978843390942,0.0020107660327963552,0.10120995482383681,0.5143892168998718,0.0256156493294037,0.0029544460099157803,0.05135909095406532,0.007489153359949218,0,normal,0.0009453872543205782,59,0.227934600552544,0.014203812277367365
U0448,0.06500869989444187,0.39127010107040405,0.021449599765905703,0.007147696972038303,0.15901273488998413,0.005803080563661449,0.06372687046606061,0.5143892168998718,0.015993927031134565,0.0008671883197709438,0.02835869789123535,0.003947766964218858,0,normal,0.0009424408326182896,60,0.27325768768787384,0.011798593581230143
U0130,0.03666549231159373,0.31868019700050354,0.014978779853756072,0.00919474971598474,0.18844935297966003,0.006352128215555588,0.1293535158488125,0.5319871306419373,0.031655640503139064,0.0026561095342026364,0.052550897002220154,0.006580211327106662,0,normal,0.0009406714595401107,59,0.27291689440608025,0.014891689974889346
U0678,0.033051880474473896,0.22514685988426208,0.018795996773137556,0.01909340050354409,0.19213679432868958,0.012723536042767929,0.11708352075905584,0.5143892168998718,0.029143318322059682,0.0006702719883433416,0.02180819772183895,0.003935196075738039,0,normal,0.0009343999577192263,61,0.2383702672086656,0.016149511803425803
U0021,0.03339555517403583,0.2626776099205017,0.016693661955428228,0.010859435856262709,0.16617996990680695,0.008580539435375213,0.12722212034079522,0.532989501953125,0.0313422360882998,0.005594358254444541,0.07700249552726746,0.009539628832812766,0,normal,0.0009336700214113262,58,0.2597123943269253,0.016539016577979
U0926,0.0585124987471696,0.31797775626182556,0.02336985724834853,0.010338305886904249,0.16158585250377655,0.008125501956137962,0.06868299427417884,0.4176695942878723,0.02088432846170279,0.0023641620597386276,0.05281641706824303,0.0056847642930396465,0,normal,0.0009335882384178352,62,0.23751240503042936,0.01451611298980723
U0588,0.0497010166554652,0.3310732841491699,0.019544075414129204,0.02212523520368408,0.21277053654193878,0.013537871940246086,0.0653579539964282,0.5143892168998718,0.016541717001789455,0.0008721886612100094,0.02590918354690075,0.004382588581658977,0,normal,0.0009330797839660441,59,0.2710355552844703,0.013501563234455932
U0718,0.06374355397820103,0.32196998596191406,0.025559082497299337,0.013130510321406299,0.18521565198898315,0.009152258867955728,0.04587899141151107,0.4033317267894745,0.014685064251534641,0.0034786154376364345,0.0700182244181633,0.0064138633285741285,0,normal,0.0009329009088051126,60,0.24513389728963375,0.01395256723634096
U0766,0.04309232649304588,0.2632012367248535,0.02131503304304191,0.014274181062014281,0.20851019024848938,0.00891246651011198,0.09966609738723578,0.5405949354171753,0.024002112913876772,0.0013866389696836757,0.027984539046883583,0.006450884078678189,0,normal,0.0009239015224073114,59,0.26007272535935044,0.015170124136427212
U0985,0.04772534694475006,0.288392037153244,0.02154466886898617,0.024060856982942143,0.24643166363239288,0.01271125926637146,0.06444784928418779,0.5143892168998718,0.016311374806672715,0.0007792757330924239,0.022590456530451775,0.004490969844205133,0,normal,0.0009237787452678755,59,0.2679508435539901,0.013764568196558871
U0258,0.047479567820682744,0.3240138590335846,0.019077311220117136,0.001701839307495051,0.06460975110530853,0.003429213119023083,0.1169843239178858,0.5143892168998718,0.02960805015409586,0.002242948754208887,0.038350410759449005,0.007614183262021624,0,normal,0.0009198254437200009,59,0.2353408094495535,0.014932189438814426
U0792,0.04830989619695679,0.3557782471179962,0.017677901407481284,0.020698484597684478,0.16918118298053741,0.015927972137633643,0.06548454931872515,0.4033317267894745,0.02113734575193691,0.0025089773746451807,0.058867815881967545,0.005548720080519238,0,normal,0.0009082025036157713,59,0.24678974319249392,0.015072984844392769
U0426,0.04368284664445251,0.2996378242969513,0.018820825660206708,0.0010563751694275655,0.040086135268211365,0.0034021101570118617,0.12434859988977486,0.6369830369949341,0.02520213927879619,0.0034510472756913335,0.053357064723968506,0.008349939971943362,0,normal,0.0009078899578720668,60,0.2575160153210163,0.01394375376698953
U0730,0.045451112789840924,0.3590365946292877,0.01662232646814463,0.010111578908489073,0.1569756269454956,0.00845809876914402,0.09274943962633748,0.5079591274261475,0.023975547262595903,0.005670417546026127,0.0896541178226471,0.008304831042638312,0,normal,0.0009051873893137464,58,0.27840636670589447,0.014340200885630715
U0080,0.0718704956246065,0.4353390336036682,0.021137718671427518,0.012030831828416758,0.21831709146499634,0.007055747032773368,0.02643331935559306,0.4176695942878723,0.0081031508705594,0.0014513867761782081,0.038930002599954605,0.00477346575871893,0,normal,0.0009040189590051335,61,0.27756393048912287,0.010267520583369804
U0743,0.05724121412742341,0.3003074526786804,0.024404943650492374,0.012400802974240288,0.1770336925983429,0.008968688943785637,0.05928443961510519,0.3831886947154999,0.019809025635591664,0.003798115983693881,0.058907851576805115,0.008255247936540026,0,normal,0.0009027695599974507,61,0.22985942289233208,0.015359476541602425
U0979,0.07381742451812488,0.3938239514827728,0.024611765383677518,0.008439632015427122,0.18069042265415192,0.0061330199925180295,0.026763766725106188,0.4176695942878723,0.008413958752624177,0.001843007655877069,0.042933542281389236,0.005636589672482679,0,normal,0.0008875799044521439,58,0.2587793776765466,0.011198833450325602
U0746,0.03322701429058053,0.18220582604408264,0.023741221120933728,0.01295034118390274,0.17855007946491241,0.00944267748642325,0.1223452448702974,0.6369830369949341,0.02500536634144768,0.0016530940416588636,0.03783455118536949,0.005688306225122579,0,normal,0.0008873646248163556,59,0.25889337342232466,0.01596939279348181
U0885,0.028072606142237416,0.2849518060684204,0.012825825084168543,0.0136513598689582,0.20041418075561523,0.00886791377758929,0.1321531775333496,0.6217902898788452,0.027669905023886113,0.002290594622857201,0.0439833365380764,0.006780068155815087,0,normal,0.0008826784162073992,59,0.2877849033102393,0.014035928010364757
U0842,0.06266136811395001,0.30595844984054565,0.026440020998753273,0.008778083348559606,0.16702009737491608,0.006785085778085905,0.047438648722293475,0.4176695942878723,0.014663033410518741,0.004810323056267945,0.07643517106771469,0.008124663391890862,0,normal,0.000874486813746833,60,0.24177082814276218,0.014003200894812197
U0966,0.03941101461639885,0.3666611909866333,0.014113628253747674,0.01752152840426136,0.1895887404680252,0.012135158381949823,0.08803214082946252,0.49968764185905457,0.02313282423058589,0.0036316163787472326,0.06373009085655212,0.007482408793070418,0,normal,0.0008688713768031267,58,0.2799169160425663,0.01421600491483845
U0523,0.08098175762624926,0.418389230966568,0.024782309893572482,0.00136718363523322,0.03475840389728546,0.005036190023795857,0.023523608538806143,0.3938570022583008,0.007647164896909209,0.001142107337768005,0.030714670196175575,0.004760977706818729,0,normal,0.0008682788624029582,61,0.21942982682958245,0.01055666063027407
U0462,0.03195718499646719,0.2675495445728302,0.015420152739759866,0.006112453944802705,0.1480584442615509,0.00532974944472168,0.13687542544876385,0.6942182183265686,0.025453871672895426,0.002958315339996716,0.0453215055167675,0.00842683542393085,0,normal,0.0008679817237426302,60,0.2887869281694293,0.013657652320326955
U0304,0.03023093855171376,0.249142125248909,0.01593273999433536,0.02590336526131525,0.275747150182724,0.012334772958748262,0.09175539011849741,0.4176695942878723,0.028845942191827786,0.003175061379902237,0.058101773262023926,0.007175443372881122,0,normal,0.0008660486566434833,58,0.2501651607453823,0.016072224629448132
U0648,0.05801572379087808,0.2687382102012634,0.028105433516291176,0.008505790329807332,0.18617822229862213,0.00594784699519088,0.06632337599076739,0.5143892168998718,0.016786059678405903,0.0007930741607416623,0.023562384769320488,0.004381961432376926,0,normal,0.0008658328596428264,59,0.24821700854226947,0.013805325405566223
U0679,0.05491403203036415,0.3157362639904022,0.022642942363492687,0.0009031428530147474,0.0325726643204689,0.0036097502905286325,0.09027743431818928,0.4176695942878723,0.028139756929318784,0.0019183760517452913,0.03935083746910095,0.0063467845944707455,0,normal,0.0008607732896262617,59,0.2013323400169611,0.015184808544452711
U0687,0.04084434258802062,0.21785208582878113,0.024408673715620582,0.01564505151202679,0.19511635601520538,0.010438961961912262,0.08995735924625545,0.5143892168998718,0.022767683011637528,0.0021871152210815796,0.044915806502103806,0.0063393751776194395,0,normal,0.0008592034898239148,59,0.24306836631149054,0.015988673466697453
U0076,0.06378966080655842,0.33389827609062195,0.024871965706070424,0.00024592177144164816,0.01411243062466383,0.0022686586359198417,0.06745098101442341,0.40525099635124207,0.021668965263307978,0.0020149796726948326,0.04946545138955116,0.005303257159643551,0,normal,0.0008549497817440813,59,0.20068178861401975,0.01352821169123545
U0957,0.02093949815757197,0.16924212872982025,0.016107635150177175,0.013101551025990293,0.24377384781837463,0.006996963273534567,0.14977315381497072,0.6708067059516907,0.029067693593896042,0.001053914679715251,0.027083158493041992,0.005066174407024306,0,normal,0.0008547449008474351,59,0.2777264602482319,0.014309616606158024
U0803,0.058573691638956094,0.4389755427837372,0.0173714578225582,0.013769732498412086,0.1894230991601944,0.009463821922528452,0.04387849848862136,0.3938570022583008,0.014503979619387222,0.003756151055954925,0.06089426949620247,0.008030463613406829,0,normal,0.0008516423169039763,59,0.2707874784246087,0.012342430744470174
U0585,0.0888291036457597,0.297378808259964,0.03888832675976905,0.0009915172427797602,0.026631329208612442,0.004847093776095142,9.818604732392917e-06,0.0011306075612083077,0.0011306075612083077,0.0014061333453428413,0.031365614384412766,0.005836422225957765,0,normal,0.0008486453245095427,59,0.08912658985354938,0.012675612580757566
U0757,0.0453331585209378,0.28654196858406067,0.020773694565801196,0.008346164555826822,0.16720381379127502,0.006554306812964914,0.0943101880120037,0.5143892168998718,0.024074249543602867,0.0018962110035440644,0.04630901664495468,0.005376592311032207,0,normal,0.0008449992159744826,58,0.25361100398004055,0.014194710808350296
U0013,0.0544650802883117,0.2947029769420624,0.024267197713047136,0.00033911250542096477,0.01907495968043804,0.0023343511163808482,0.09161550479950892,0.4176695942878723,0.028801965224155193,0.0010343014936618933,0.02587864361703396,0.005247973643596699,0,normal,0.0008441244931312502,58,0.18933154363185167,0.01516287192429497
U0579,0.061893627006427185,0.3202130198478699,0.02516407327986938,0.012455353242620584,0.18817518651485443,0.008617230064019323,0.04304129101479597,0.3938570022583008,0.014227241796630798,0.0005277128020457388,0.01777062378823757,0.003866063219145301,0,normal,0.0008435447983188487,59,0.23000395810231566,0.0129686520899162
U0027,0.06162418573813149,0.37507888674736023,0.021573200446788367,0.0013160408901937788,0.05237630754709244,0.0032992901348287544,0.06778253154710384,0.4033317267894745,0.022066903832480955,0.0019649582865988247,0.0436520017683506,0.005910649062570883,0,normal,0.0008389223022305144,58,0.21860973071306944,0.01321251086916724
U0980,0.022342732684009846,0.2679787576198578,0.010854502283323355,0.011215422611938584,0.18223589658737183,0.008012272463224305,0.13254017838606866,0.4176695942878723,0.04131318564068968,0.009140284769698881,0.14216457307338715,0.008370325282146302,0,normal,0.0008368929993663858,59,0.25251220539212227,0.01713757141734591
U0602,0.06758550830916482,0.3662543296813965,0.02402397190091845,0.01023701568960666,0.1559005081653595,0.008548695190331843,0.026321841488643753,0.4176695942878723,0.00820459982072461,0.003129020533627828,0.05226282402873039,0.007794522842579336,0,normal,0.0008298146446485521,59,0.24802181404083967,0.01214294743863856
U0756,0.048688078242371056,0.23736055195331573,0.026704723392158795,0.014393669474900572,0.21495085954666138,0.008717788604834345,0.06905476563567726,0.4176695942878723,0.02152458512445249,0.0011351385931817524,0.03018166311085224,0.004896431873745869,0,normal,0.0008283643246768748,59,0.22504066722467542,0.015460882248797873
U0480,0.04564347169545657,0.3536956310272217,0.016944742671143855,0.0004498571569777317,0.022602228447794914,0.0026134210047295144,0.1083277118599097,0.5735222697257996,0.02480134804700983,0.0027047653782193287,0.048480402678251266,0.007325704282893326,0,normal,0.0008270258201758885,58,0.24957513296976686,0.012921304001444131
U0962,0.04375147376567762,0.2621348798274994,0.021915625865231363,0.0004860957472861667,0.020920151844620705,0.0030510055126985115,0.10039396998424924,0.5471530556678772,0.024092662816562145,0.009481094311718365,0.14160507917404175,0.008791553812474815,0,normal,0.0008261807497225293,58,0.24295329162850976,0.01446271200174171
U0176,0.021780307366719445,0.15669400990009308,0.01794469100645415,0.0003886724612634758,0.021468499675393105,0.00233725689943185,0.1719362609385504,0.5471530556678772,0.04056794641073793,0.002028576744213402,0.043936144560575485,0.005960653447876751,0,normal,0.0008249882219777409,60,0.19231292745098472,0.01670263694112517
U0399,0.02453100580486112,0.18334774672985077,0.017418621106398243,0.016510655537210466,0.18498659133911133,0.011619784160618105,0.12245268785760025,0.9338813424110413,0.017070671995328267,0.003020735315133967,0.07211912423372269,0.005453009104271914,0,normal,0.0008217777995130631,59,0.3435837011784315,0.012890521591654132
U0374,0.04045884230298173,0.24424630403518677,0.021565495698191856,0.012690600996119088,0.1935853660106659,0.008534609601047393,0.09145955984773514,0.4176695942878723,0.028508229131841936,0.001653609119205551,0.03148873522877693,0.006836780482075014,0,normal,0.0008149545356360247,59,0.22174749989062548,0.01636127872828905
U0395,0.037936382331252766,0.23436878621578217,0.02072484185314249,0.0004921389177629772,0.022103305906057358,0.0028507921752399675,0.12650446684068115,0.5143892168998718,0.03148829077225423,0.0024876112175377563,0.04562869295477867,0.0069803879566585295,0,normal,0.0008140824408773894,61,0.2041225004941225,0.015511078189323802
U0722,0.0558228328687056,0.2220185399055481,0.03301479713916016,0.015325811207954674,0.1703043133020401,0.011816363081944191,0.045709348486295064,0.4033317267894745,0.014880881169088313,0.0008252127437675705,0.019962849095463753,0.005427869599992422,0,normal,0.0008121628964050803,58,0.2039043572731316,0.01628497774754627
U0463,0.03125378836922559,0.25508826971054077,0.015950936028660843,0.007460286591397095,0.18237821757793427,0.005325452786179331,0.12785815711290932,0.6507595181465149,0.025578902452252805,0.0015917869649554417,0.046732645481824875,0.0044344378398525775,0,normal,0.0008106888411913112,59,0.2837396627292037,0.012822432276736389
U0864,0.01510512318514448,0.15773767232894897,0.012362696806394523,0.0071827261957478905,0.1879788339138031,0.004932927528293855,0.16948949281068182,0.9338813424110413,0.02343017087938885,0.002316647698314513,0.050088923424482346,0.0059709395086315455,0,normal,0.0008104914982974244,60,0.3324216930195689,0.011674183680677193
U0781,0.06554243073484217,0.31689977645874023,0.02692617134589917,0.011925979357752846,0.20890381932258606,0.007432273234641443,0.023025742381834528,0.38686245679855347,0.0077487393065308365,0.003579948922053831,0.09087793529033661,0.0051285237724664895,0,normal,0.0008096276604146128,59,0.2508859969675541,0.011808926914884485
U0738,0.03829675802291455,0.2921120822429657,0.01721466174034629,0.007851110584074476,0.15245696902275085,0.006761916699447127,0.10190367260794593,0.5143892168998718,0.026012613223303623,0.004838570566953318,0.08655823767185211,0.007339976625856033,0,normal,0.0008081540258484483,58,0.2613791264593601,0.014332292072238267
U0587,0.04334758734579985,0.252713680267334,0.022331102867980717,0.018843750984486225,0.1917971819639206,0.012790841837945124,0.06418894522874023,0.5143892168998718,0.016245847700116365,0.003073317002582357,0.04932280629873276,0.008112105204267887,0,normal,0.0008048630134649584,59,0.2520557213574648,0.014869974402577524
U0286,0.040931325424675064,0.25690266489982605,0.020568924002115335,0.023524697979787613,0.21585489809513092,0.014069754621323228,0.062323184116044546,0.3938570022583008,0.020428451001256082,0.0010116024207090797,0.027977997437119484,0.004667857706393382,0,normal,0.0008022430545049929,60,0.2236481406725943,0.014933746832772009
U0846,0.04145488952322567,0.23913641273975372,0.022762295400878367,0.00037925365300603084,0.016282813623547554,0.003058343937145137,0.11731274421974257,0.5143892168998718,0.029946035932315963,0.0014458570696422486,0.038275931030511856,0.004960044840931366,0,normal,0.0008020851663870832,58,0.20202109357342124,0.015181680027817708
U0761,0.013555536442233675,0.1552765816450119,0.011365400425995053,0.006629521432504695,0.1416889876127243,0.006091441474484135,0.17076247839213846,0.7678738832473755,0.028951865121706437,0.002498238287958668,0.06049860641360283,0.005376039901752307,0,normal,0.0007898028815223196,59,0.28133451472967863,0.012946186730984483
U0958,0.04015371271004765,0.2098664492368698,0.024700575243590112,0.00818767828480196,0.1926650106906891,0.005486334636382869,0.09879680016418399,0.5471530556678772,0.023310866903436058,0.0016319899445298854,0.03933542221784592,0.005356215441421833,0,normal,0.0007897846013300569,60,0.2472549844533205,0.01471349805620772
U0479,0.06655037866181923,0.33330076932907104,0.026218039775718856,0.00017646238765582682,0.011564917862415314,0.002003528856205556,0.04918003414819704,0.4176695942878723,0.01546115623506043,0.0017123821283491483,0.0358160100877285,0.006277829060677661,0,normal,0.000789436656469246,58,0.1995878228917718,0.012490138481915625
U0708,0.0687999940773002,0.24104014039039612,0.03624959714708835,0.00012796383670377054,0.008373643271625042,0.0019407828809569823,0.043210545444924725,0.5471530556678772,0.01002963376043725,0.001624451615725566,0.03932563215494156,0.005246083793134594,0,normal,0.0007875352231076399,62,0.20897311787120998,0.013366524395404294
U0893,0.06653292247798635,0.37455376982688904,0.02332428992065553,0.0005159521891838504,0.02356044389307499,0.002875490877648911,0.046879694284261725,0.4176695942878723,0.014737978330733061,0.0022299249088395794,0.04048436880111694,0.007232507113132732,0,normal,0.0007865507410861288,58,0.21406704420223832,0.012042566560542558
U0607,0.040907345245117833,0.2829347252845764,0.01882300846324851,0.018406927580166547,0.21904470026493073,0.0109401316410139,0.06902514320951246,0.4176695942878723,0.021515351722127426,0.0026552216355528774,0.046238597482442856,0.007476014238464058,0,normal,0.0007864253670964686,59,0.24147190432995558,0.014688626516213475
U0049,0.058427997257701314,0.41761526465415955,0.018370908700858467,0.009975178404776217,0.20081153512001038,0.006522559038691317,0.04557288232015235,0.40251222252845764,0.014866660632080687,0.0017589602421337097,0.04149162769317627,0.005566491549682817,0,normal,0.0007862516540585101,58,0.26560766249895096,0.011331654980328322
U0547,0.04693777367378049,0.4080055356025696,0.015105754921630764,0.010129845338297335,0.19655601680278778,0.006767098145497459,0.06949177209027399,0.4176695942878723,0.02184673443091391,0.0046908111655326054,0.07239323109388351,0.008508166745118301,0,normal,0.0007844073761752434,58,0.2736560944467783,0.01305693856079011
U0574,0.026972813951506035,0.16756819188594818,0.02113589664183882,0.009591808292467276,0.19174884259700775,0.006568311518860967,0.12963808115760414,0.5471530556678772,0.03111069895937268,0.0011574357278621244,0.031480275094509125,0.004827745508376472,0,normal,0.0007837664728582287,58,0.23448759131133556,0.015910663157112235
U0827,0.04830357560621915,0.2787586450576782,0.022559264138166488,0.005113926186147299,0.14064449071884155,0.0047337544301096724,0.07986679763781361,0.5471530556678772,0.019003405537598342,0.0033137772595400856,0.061128947883844376,0.007057491869029221,0,normal,0.0007790479510212572,59,0.25692128483206034,0.013338478993725932
U0571,0.059471770469162695,0.2963586747646332,0.026349915494661452,0.010150847509399374,0.21982190012931824,0.006063415775125775,0.04152813520484819,0.3831886947154999,0.014230355363467643,0.0006821855441025311,0.017810946330428123,0.00502923026563402,0,normal,0.0007710365628254691,58,0.22929505398496985,0.012918229224722222
U0212,0.03867223983138339,0.2488202154636383,0.02040796345060918,0.03784080812434018,0.27107781171798706,0.018329576662310876,0.024935600462458404,0.40251222252845764,0.008134423167011219,0.0013352335197870336,0.036446712911129,0.004810440682139864,0,normal,0.0007634124673225498,58,0.239714240655303,0.012920600990517785
U0998,0.03844931145995513,0.2605462372303009,0.01937714390884327,0.016253559840774253,0.22512201964855194,0.009480178648432072,0.0690115029464969,0.4176695942878723,0.02169574803174955,0.0064620240861263155,0.11330538243055344,0.007488658646229067,0,normal,0.0007619323420497355,58,0.25416080839931965,0.014510432308813489
U0018,0.05471918115255178,0.26798689365386963,0.026582757488186115,0.0003915929021713935,0.02131788805127144,0.0023914682992470923,0.07392653885101268,0.5143892168998718,0.018710375858186665,0.0018941363278186696,0.04701251536607742,0.0052453169937353335,0,normal,0.0007610893892181098,59,0.21267662849277258,0.0132324796598388
U0861,0.06742246342677154,0.2794908583164215,0.03140588261830845,0.008141616509277477,0.1828274130821228,0.005797534237878331,0.023025742381834528,0.38686245679855347,0.0077487393065308365,0.0009487274048146589,0.027237223461270332,0.004534742237075403,0,normal,0.0007600071547688667,59,0.21910448791459203,0.012371724599948253
U0415,0.06734824021642379,0.3546333611011505,0.024724109494454135,0.006347333049072159,0.16127260029315948,0.005123947749271499,0.02487639152645717,0.4033317267894745,0.008029693938886463,0.0022969146131567625,0.047105614095926285,0.006348135309177081,0,normal,0.0007586650880601407,59,0.2415858255699277,0.011056471622947293
U0822,0.028571692264414836,0.24424748122692108,0.015229297277082455,0.00019177055721005933,0.012325513176620007,0.0020255870602387265,0.14249022665177002,0.5143892168998718,0.036063445390644086,0.001339386046510331,0.040785614401102066,0.004275360647095693,0,normal,0.0007533268229891533,59,0.20293695642612875,0.014398422593765241
U0306,0.04973477598770295,0.2544774115085602,0.025443972749213818,0.010039154567008313,0.15944133698940277,0.008197288262414943,0.06301292331259052,0.39775142073631287,0.020624901473885245,0.0007783456470552833,0.024337977170944214,0.004163533043237741,0,normal,0.0007497253826640324,59,0.209002036601305,0.014607423882187937
U0628,0.012608516425824872,0.15839484333992004,0.010452229887152071,0.005959404344770685,0.1477600634098053,0.005295802589840009,0.15786181299850388,0.5299478769302368,0.039113792982193286,0.0074936693200344595,0.0963764414191246,0.010209621490017086,0,normal,0.0007496057637096438,58,0.2331198062747717,0.016267861737300614
U0180,0.03973637312515645,0.251969575881958,0.020707426250110388,0.012054387045268027,0.17045626044273376,0.009285775477612081,0.08187282536556038,0.5471530556678772,0.019647936780278666,0.0019414864882554214,0.04850759729743004,0.005255458514158881,0,normal,0.0007487143790695277,58,0.25452162232249975,0.013724149255540004
U0939,0.03949121574668078,0.2658698260784149,0.01950372009293366,0.014093250854486986,0.19570888578891754,0.009455546638264667,0.0656001526145454,0.4033317267894745,0.021356420689824455,0.00778585036180833,0.12179815769195557,0.008393659289775566,0,normal,0.0007438438992263609,58,0.24667714908719063,0.014677336677699587
U0863,0.06494386030319436,0.3165684640407562,0.026708189248677364,0.0009765113478946607,0.035207364708185196,0.003610919192519576,0.04250558664744172,0.38686245679855347,0.014304195041373625,0.0011354391783061398,0.02778865396976471,0.005319494433572576,0,normal,0.0007378030746326003,59,0.1916067348793149,0.012485699479035786
U0188,0.04112364423822482,0.23204109072685242,0.022691425399007578,0.006567261129744815,0.148544043302536,0.005660621631555901,0.08928937368689746,0.5143892168998718,0.02222506312813732,0.002050561668378903,0.042597848922014236,0.006163398499531885,0,normal,0.000737120341927656,61,0.23439304996281862,0.014185127164558171
U0882,0.033997757473781594,0.16329121589660645,0.02687892053906277,0.010822704252162267,0.21010805666446686,0.006649935909960666,0.09621411972323082,0.6507595181465149,0.019087219009331118,0.0022273872033454797,0.056310176849365234,0.005106616025015379,0,normal,0.0007325950392805196,60,0.27011724188923836,0.014430672870842485
U0084,0.07042759641361027,0.3296189606189728,0.027816640350018566,0.011534362608933984,0.20772196352481842,0.007229115695970372,9.818604732392917e-06,0.0011306075612083077,0.0011306075612083077,0.001532605316900937,0.05574437230825424,0.0035793427911862716,0,normal,0.000731407256985631,59,0.14855397600331344,0.009938926599595879
U0733,0.020069943753303343,0.17862075567245483,0.014628110327112925,0.00842117405794675,0.17993971705436707,0.0060928376332436,0.13772083008334707,0.5471530556678772,0.03276912136776847,0.0017906828914030911,0.03306858241558075,0.007049804936117252,0,normal,0.0007239293639097209,59,0.23469552770256996,0.015134968566060562
U0249,0.02466747738807115,0.2108575999736786,0.01536107052285435,0.006663227602446963,0.1478574126958847,0.005917353968646198,0.12859761037287465,0.5143892168998718,0.032826686364293485,0.002529680988791473,0.0546405054628849,0.0060790687073143815,0,normal,0.0007237568563157441,58,0.23193618375808,0.015046044890777103
U0296,0.06491456997115838,0.4370984137058258,0.019500644148464596,0.015984383346873972,0.21359306573867798,0.009826406824031594,9.735040619274184e-06,0.0011306075612083077,0.0011306075612083077,0.002475255898172334,0.05210814252495766,0.0062373557500793285,0,normal,0.0007230583166629941,58,0.17598255738266744,0.009173753570945957
U0819,0.03197422448171612,0.259542852640152,0.015904327893690607,0.024881109025587905,0.21619421243667603,0.014857647329404245,0.06288550236891831,0.40251222252845764,0.02016953272977844,0.0021189245244694252,0.04044317081570625,0.006763860852665478,0,normal,0.0007125680744431178,60,0.22967311460524797,0.014423842201384693
U0367,0.026678981039438422,0.1718079298734665,0.020216223373161916,0.02987911905485455,0.23363371193408966,0.016649694680685827,0.06418145593735101,0.5143892168998718,0.016243952204141827,0.0020648784150395397,0.04358642175793648,0.006167615081016789,0,normal,0.0007109546217696732,59,0.24085432011634111,0.01481937133475159
U0311,0.05375923688491253,0.3333720564842224,0.021174341074242875,0.007651342748692541,0.1869993358850479,0.0053725887215744575,0.048989470011093945,0.4176695942878723,0.015401246925366336,0.0015061436427263814,0.03385578468441963,0.005841434512423552,0,normal,0.0007101042661164901,58,0.24297419283539057,0.011947402808401807
U0747,0.03468681392299806,0.24799267947673798,0.01820956384502143,0.007264438568280413,0.1717616319656372,0.00550617349910095,0.09469332722616706,0.5143892168998718,0.023966328888121297,0.0032348199700468552,0.05291278660297394,0.007959091103619018,0,normal,0.0007004342366871999,59,0.24676407873630524,0.013910289333965674
U0548,0.04294261018453294,0.2420950084924698,0.02271107470756969,0.020934178181814596,0.17795930802822113,0.015061571592163031,0.04123348019537178,0.38686245679855347,0.013646726530869721,0.002180334824609627,0.04727321118116379,0.005905316376376996,0,normal,0.0007004242890145242,61,0.21354749612510204,0.014331172301744861
U0491,0.0313922098362214,0.16703923046588898,0.0238675347395766,0.012048731059585194,0.20866209268569946,0.007333341456818095,0.08990041741429801,0.4176695942878723,0.02733587645625155,0.003716790687045847,0.06208209693431854,0.007603365746285084,0,normal,0.0006970924567844389,62,0.21386325359344482,0.016535029599732833
U0969,0.06147872874347506,0.35873734951019287,0.02250268219653788,0.008328112963546542,0.164254292845726,0.006657572150782075,0.022759909297176997,0.3831886947154999,0.007799088394927696,0.0021447028477223347,0.05305108055472374,0.0053083420268512,0,normal,0.0006952185258842303,58,0.23980785440653563,0.010566921192274713
U0029,0.019657269114480007,0.14996348321437836,0.016922403214535583,0.02617956198239106,0.2202063798904419,0.01534817892488718,0.08974859577523873,0.5143892168998718,0.0225247604578423,0.0009640049154761425,0.0278649739921093,0.0044662700736277355,0,normal,0.000691763681379431,60,0.22810601349920034,0.014815403167723201
U0065,0.032486314980285695,0.26624250411987305,0.015885359788980924,0.010551726730024125,0.20370206236839294,0.006743759959900343,0.09290024470366284,0.5143892168998718,0.023512510158579355,0.0016566767049828476,0.03885604068636894,0.005550769771164035,0,normal,0.0006892115074495661,59,0.2557974560186267,0.012923099919656164
U0364,0.04235346485987297,0.2931400537490845,0.01880995584141894,0.004745086266658226,0.14434972405433655,0.0042795898475965185,0.07203906942539585,0.5471530556678772,0.017140885716367325,0.0064716010935058806,0.10963919758796692,0.007684575564226025,0,normal,0.0006875624262972073,59,0.2735705077648163,0.011978751742402202
U0069,0.020873427564636622,0.2843623459339142,0.009638460767605309,0.0009664824303401637,0.048936765640974045,0.002593251897369085,0.1441332905313456,0.5143892168998718,0.03679242801796324,0.0029077062384103313,0.05075255036354065,0.007522785184878087,0,normal,0.0006865830501640036,58,0.22461021970957518,0.01413673146695393
U0713,0.02911131488666815,0.2706940770149231,0.01412111766824437,0.03581860684931539,0.25432196259498596,0.018493147219370957,0.039469263746368694,0.5143892168998718,0.010075188320178282,0.0004974506877901587,0.01652192883193493,0.003953441272007444,0,normal,0.0006799442966662431,58,0.26398179633542895,0.011660723619950263
U0737,0.04951072101254659,0.2673327922821045,0.024111321306579264,0.01816255197754497,0.17263206839561462,0.013697124089195328,0.023025742381834528,0.38686245679855347,0.0077487393065308365,0.003676585166111864,0.06596873700618744,0.00725571900610225,0,normal,0.0006768914956675702,59,0.223199013620615,0.013203225927101919
U0146,0.036040891673876446,0.21390308439731598,0.021752183335532513,0.007988892373613162,0.1668788343667984,0.006180301860937713,0.08708148503197548,0.4119422733783722,0.02729064750795563,0.0012144321223879959,0.03702963516116142,0.004233974009049272,0,normal,0.0006723343137418074,60,0.207438456825912,0.014864276678368782
U0875,0.023890220255798747,0.17123611271381378,0.018163468610109087,0.00036223726701254153,0.01855175755918026,0.002542038141593551,0.1343083127614242,0.5471530556678772,0.03195715128144218,0.002935152189657842,0.06276414543390274,0.006088257308258138,0,normal,0.0006711394387355271,59,0.1999262678436935,0.014687728835350739
U0888,0.032155187038237734,0.19195117056369781,0.021626420845738417,0.012560731138419417,0.18178234994411469,0.008920466798205478,0.08205029695617234,0.5471530556678772,0.01935956982973342,0.002971997684995304,0.0644412636756897,0.005953999493700243,0,normal,0.0006694390391226903,60,0.24633195996284485,0.013965114241844389
U0637,0.017685519970251057,0.20322956144809723,0.01142659819770425,0.029006080165681805,0.21953314542770386,0.017349019941287614,0.08047433815080923,0.5471530556678772,0.0193123261761402,0.0021355092151258003,0.054619885981082916,0.00513377302681208,0,normal,0.0006675017458694422,58,0.2561339121311903,0.013305429335486037
U0728,0.008739772828162481,0.15966470539569855,0.007187489503245348,0.021236028937112256,0.2106136977672577,0.013239533978077036,0.11959771800034208,0.5143892168998718,0.030529313626426177,0.004003173742581736,0.08277763426303864,0.006350054201667608,0,normal,0.0006673023339837999,58,0.24186131358146667,0.014326597827354043
U0582,0.03017060803551293,0.19286856055259705,0.019866747805888135,0.014154538178518085,0.16632899641990662,0.010807665440141489,0.08359897799798492,0.6054492592811584,0.017535872180991237,0.002372444979703608,0.04727834463119507,0.006372913774238177,0,normal,0.0006656648380784206,62,0.2529812902212143,0.013645799800314759
U0355,0.02982015083639773,0.3051248788833618,0.012513168661281852,0.01075921342650578,0.1727985292673111,0.007972151866702975,0.0878202262549851,0.6217902898788452,0.018083633578260292,0.004654634550553602,0.07556009292602539,0.007887296878581139,0,normal,0.0006619446222006398,61,0.2938184477388859,0.011614062746206565
U0273,0.04050560092782251,0.2046501487493515,0.025136636809157432,0.011577137449242903,0.1671290397644043,0.008797381522834902,0.06332323638372718,0.4033317267894745,0.01993906883252484,0.0015934239221162005,0.03224070370197296,0.006276694278900477,0,normal,0.0006611422667960533,62,0.2018379047513008,0.015037445360854414
U0103,0.04759631854790579,0.27735960483551025,0.022341079127665767,0.011559303615832755,0.1653362512588501,0.00910201566797295,0.03942796631462984,0.5143892168998718,0.009978988338103992,0.002789335126055693,0.05711095407605171,0.006358508771157531,0,normal,0.0006473260355058889,59,0.253549006767571,0.011945147976225059
U0696,0.02630028014633597,0.2427937388420105,0.014223579181644113,0.013632344991522296,0.206009179353714,0.008689004043244476,0.09221596140954637,0.5143892168998718,0.02353966325031722,0.0012277287580461952,0.027075350284576416,0.00595407564607489,0,normal,0.0006436807150641213,58,0.24756687134504318,0.013101580530320175
U0916,0.0384240798492652,0.1898234784603119,0.026132317343217436,0.011748987027490684,0.19503673911094666,0.007776933258780142,0.06565160298581214,0.5143892168998718,0.01647698906211493,0.0006139256427221835,0.021005915477871895,0.0037731019032510933,0,normal,0.0006411491626755653,60,0.23006383748725057,0.0135398353918409
U0906,0.04415389598113225,0.3220510482788086,0.018002396232296977,0.021412045391566,0.20161481201648712,0.01394510290428006,0.02316595979377316,0.38686245679855347,0.007862845026277777,0.002309434405240888,0.04994708672165871,0.006071296917988202,0,normal,0.0006393399804955273,58,0.24011885095387697,0.011470410270210755
U0281,0.016011325975057004,0.1721074879169464,0.011911394711798457,0.00032362153378785713,0.017459966242313385,0.002373171338950163,0.14868410164002682,0.6217902898788452,0.03061650974530971,0.002468161399767819,0.04946576803922653,0.006388573296718636,0,normal,0.0006389874106894017,61,0.21520587801933289,0.012822412273194242
U0207,0.028866392452075153,0.19708885252475739,0.019067969340420536,0.0005028532065350728,0.02134031243622303,0.0030677110064656157,0.11632873295618364,0.5143892168998718,0.029442123904966325,0.0013677866143536833,0.03306879848241806,0.005384853939326835,0,normal,0.0006378340361220597,59,0.19147179508581758,0.014240664547794827
U0987,0.018759690461262538,0.16741113364696503,0.014347505944450127,0.0012156040838707095,0.03788697347044945,0.004108065117787454,0.1358254831993639,0.7658694982528687,0.022707094516620407,0.0030458390825856075,0.060795292258262634,0.00641463702905275,0,normal,0.0006288080137314461,61,0.25799072440713644,0.011894325651977684
U0047,0.010860738485626962,0.1602306216955185,0.00875060768394178,0.010058149939182484,0.20779477059841156,0.006248961751367688,0.13437190620322553,0.6708067059516907,0.02586041305718633,0.002688587174217165,0.05507389083504677,0.00630235319173759,0,normal,0.0006246696150239781,60,0.2734764972701669,0.011790583921058346
U0177,0.03550201189543685,0.2314923256635666,0.01996596756737585,0.019575950841116033,0.20661117136478424,0.012335110945764812,0.0482883623297512,0.4176695942878723,0.015051632655894983,0.0014589775105877131,0.04133743420243263,0.004594931855682278,0,normal,0.000623577345887958,59,0.22427763137966394,0.01298691075617948
U0565,0.04853430691774765,0.43234509229660034,0.01474023141753727,0.005791420726138933,0.14281624555587769,0.005324679932449538,0.04594497539234644,0.40251222252845764,0.014988043813179407,0.0026129362970041606,0.0474298894405365,0.007233736964102609,0,normal,0.000623193411162203,58,0.25627586245536804,0.010571673031817205
U0322,0.03774078093828184,0.2988813519477844,0.016580516937743785,0.009331863259105191,0.20645840466022491,0.005935014747907103,0.06619280714974016,0.4033317267894745,0.0215493620028077,0.0021591812869561984,0.05503467470407486,0.005151559343489523,0,normal,0.0006225794135152887,58,0.24092653952538967,0.012304113257987028
U0704,0.04494055652123614,0.3140208423137665,0.018631763641108485,0.01014885690894845,0.21292200684547424,0.0062054113064747935,0.04250558664744172,0.38686245679855347,0.014304195041373625,0.0030062563236429537,0.051957715302705765,0.007532687583049089,0,normal,0.0006174898051947232,59,0.241440755315125,0.011668514393001499
U0014,0.015023909297374665,0.16324825584888458,0.011881158178605725,0.006591885860392778,0.1679266095161438,0.005067742436405827,0.1317149163902269,0.6369830369949341,0.02669509484549053,0.0018885605106990153,0.043784502893686295,0.005568456815266624,0,normal,0.0006170841837169202,60,0.2529856013134122,0.012303113068942178
U0790,0.025279277989802524,0.17677442729473114,0.01830966124627415,0.01586104952452674,0.17127908766269684,0.011856668092375868,0.08409632435540389,0.4033317267894745,0.026696216213883312,0.0007007853321855463,0.02121320180594921,0.004229741849276699,0,normal,0.0006169028822874712,61,0.19314961088821292,0.015273071850452506
U0564,0.03825453617681984,0.18416249752044678,0.02576469859721748,0.017934611910129263,0.2255651205778122,0.009861962800520657,0.042084452225947866,0.3938570022583008,0.013253373260466526,0.0018872523458112822,0.03973253443837166,0.005891515533162069,0,normal,0.0006141662582031743,65,0.21082928869873285,0.013692887547841683
U0620,0.04404950279738676,0.374772310256958,0.015433325577344571,0.01032004619621537,0.17841632664203644,0.007595092212000054,0.04401332614529078,0.4033317267894745,0.014328733572318893,0.002679284897693137,0.0599466972053051,0.00586866931677895,0,normal,0.0006132554868390758,58,0.2541167652234435,0.010806455169610618
U0870,0.057938360114175046,0.306561678647995,0.02460494097156975,0.014135310903928996,0.16809499263763428,0.010947742726191539,1.5634453110585463e-05,0.0017747951205819845,0.0011468548682849792,0.0014205633011693905,0.039984188973903656,0.004625368024327623,0,normal,0.0006111470225614157,59,0.12910391384502873,0.010331226647593473
U0541,0.03311216890048318,0.2509154677391052,0.017327910557877,0.00805200072143347,0.18518024682998657,0.005709461512307124,0.08045160567020404,0.38686245679855347,0.027306380272232766,0.0008050924689571005,0.02694040909409523,0.003923987191573643,0,normal,0.0006077151338604625,58,0.21247464511543512,0.013566934883497634
U0557,0.026441860235025243,0.21357682347297668,0.01611802691100821,0.018835980754057634,0.25571537017822266,0.009589708353930458,0.06659782519838078,0.4051457643508911,0.021400441764853895,0.0032151807658667908,0.060982845723629,0.0068639119337210825,0,normal,0.0006069397777071404,59,0.23385520093142986,0.013493022240878411
U0135,0.03903518242907492,0.24512113630771637,0.020732393652089464,0.008437720244851317,0.1953992247581482,0.005621811505125922,0.06143982606661058,0.38686245679855347,0.02067604107324476,0.0017053669516386505,0.032186657190322876,0.0068978851995625985,0,normal,0.0006042261872609433,59,0.21489236876368523,0.013482032857505686
U0162,0.022232331686730306,0.19551385939121246,0.014680195500919051,0.024095029207751972,0.22592568397521973,0.013768487230848336,0.06598688647003807,0.5143892168998718,0.016561137232929467,0.0017872372721840551,0.05441424995660782,0.004240274190682195,0,normal,0.0006015544038525118,60,0.24756075255572796,0.012312523538844763
U0971,0.039518795792736,0.23377946019172668,0.022007532155778067,0.007424683666529607,0.16384416818618774,0.005899578188368419,0.0630184828188568,0.3938570022583008,0.02083067611546524,0.001061093050566572,0.02930169738829136,0.004714489637647494,0,normal,0.0006007152522438481,59,0.20519558200612664,0.013363069024314805
U0313,0.03126771295923347,0.22031272947788239,0.018476960040714602,0.029447678767956693,0.21199724078178406,0.018084014752152513,0.026719346418310776,0.4176695942878723,0.008328503343055687,0.002849088218191924,0.05664696916937828,0.006547917705987542,0,normal,0.000600051319911218,59,0.22665663342922926,0.012859348960477586
U0074,0.03536560709591831,0.27997520565986633,0.01644506292313192,0.019465036156700595,0.25723889470100403,0.009851277981849146,0.04250558664744172,0.38686245679855347,0.014304195041373625,0.0013824967155206661,0.03137190639972687,0.005737163038002957,0,normal,0.0005964819332092111,59,0.23886211588978767,0.011584424746089414
U0457,0.024147430762613848,0.1932787001132965,0.01626525691722236,0.00943829201402268,0.167949378490448,0.007316257850245658,0.0946380928007505,0.5143892168998718,0.023952349377164648,0.002093404776853254,0.050782766193151474,0.00536674365283658,0,normal,0.0005935411935191837,59,0.23160001542419195,0.013225151949367311
U0658,0.04590530606013704,0.26505231857299805,0.022741404491545016,0.005450428217505633,0.1467435359954834,0.004877054937674858,0.041682495698996264,0.3831886947154999,0.014283249736763537,0.004059666538301712,0.08230534195899963,0.006476618881067523,0,normal,0.000585156626777097,58,0.21932247281074524,0.012094582011762733
U0172,0.02265874400070303,0.16823875904083252,0.017534111773428153,0.020241480311520347,0.21155507862567902,0.012456407548879108,0.06919141172211118,0.4176695942878723,0.021567178134396042,0.0022783569894132714,0.05266847088932991,0.0056317719172164875,0,normal,0.0005843450745205177,59,0.21253297571092844,0.014297367343479948
U0992,0.03422683315952307,0.2714258134365082,0.01641683994217077,0.01944869590335771,0.176425501704216,0.01435169244353547,0.04211039836398177,0.38686245679855347,0.014171204281086891,0.0014169842719708233,0.030215594917535782,0.006105312165731201,0,normal,0.0005830709180547133,59,0.21623234171420336,0.012761262208131082
U0383,0.04163597267991587,0.31910836696624756,0.016986524021160868,0.00029669358773097305,0.01692342385649681,0.0022824113730898796,0.06787686578052293,0.5332297086715698,0.016572248494505126,0.002347546251263368,0.0497785322368145,0.0061396846430731835,0,normal,0.0005814734712255161,59,0.22976000793278217,0.010495217132957264
U0717,0.041548949900472164,0.2089260071516037,0.025673904557697823,0.009293194382268758,0.16353067755699158,0.007336520913239989,0.04544199342554003,0.4033317267894745,0.014545188824801396,0.002393033439051931,0.052378054708242416,0.005898258159192456,0,normal,0.0005801200216775946,60,0.20704161655157804,0.013363468113732915
U0331,0.029424280431423182,0.20770451426506042,0.018443099512381395,0.0064661204840255875,0.1667097955942154,0.0050495964024521835,0.08586223570196046,0.4033317267894745,0.027714930956204562,0.001176435671946864,0.027278592810034752,0.005614618028002335,0,normal,0.0005776727096101104,59,0.20125615736469626,0.014205561224760119
U0098,0.04004167699069915,0.25249019265174866,0.020823500969092086,0.01015819171130135,0.21446378529071808,0.006219399308410457,0.046082199130162975,0.4033317267894745,0.015002264350187033,0.0026544627310072133,0.05802943930029869,0.0060064001405204055,0,normal,0.0005774329108373927,58,0.23207878600805998,0.012012891192052495
U0989,0.02782022866008707,0.1778217852115631,0.020197615674593786,0.01947061917734602,0.2112342119216919,0.011899805927612306,0.05575996857836595,0.6217902898788452,0.011577184634127964,0.0019960410682523357,0.0470510870218277,0.005476766004081905,0,normal,0.0005751833750807769,60,0.264474343508482,0.01228784306010399
U0002,0.03875798331638497,0.21545979380607605,0.02341903122916107,0.0003975043349097598,0.024559171870350838,0.0021071824711864375,0.07177551164542652,0.54090416431427,0.017275473758010036,0.0032462237350365498,0.06529344618320465,0.006472660849891265,0,normal,0.0005747409272864733,59,0.2115541440434754,0.012318587077062201
U0709,0.06203382802556259,0.3397890627384186,0.023768029640309465,0.005893516563153967,0.14853797852993011,0.0051654836749367725,9.818604732392917e-06,0.0011306075612083077,0.0011306075612083077,0.001493515931646778,0.03915249556303024,0.004966202278487809,0,normal,0.0005730444458852404,59,0.1321525360981468,0.008757580788735588
U0225,0.038629978519290724,0.28778740763664246,0.017475381831121985,0.017450743109318753,0.16720224916934967,0.013587695455623045,0.026545339402198193,0.4176695942878723,0.008274264815184524,0.004015533429642032,0.07829947769641876,0.0066766463786526575,0,normal,0.0005670688546340509,59,0.2377396821975708,0.011503497120145555
U0406,0.03459556418676761,0.23409715294837952,0.019078694786966822,0.007198894368491211,0.17253005504608154,0.005386732569160379,0.06434093234246979,0.4033317267894745,0.020594409257561588,0.0030007640426969124,0.05167246609926224,0.0074971643769544015,0,normal,0.0005670214349912903,60,0.21540785022079945,0.013139250247660796
U0876,0.031012192432631657,0.19761382043361664,0.020430977707292186,0.012193092405325267,0.16042350232601166,0.009895092668603727,0.06397049669476083,0.5084760189056396,0.016378843819454186,0.0015867433853910076,0.04226147010922432,0.004888055072769275,0,normal,0.0005667829178114824,59,0.22719370294362307,0.012898242317029842
U0233,0.041751835352673294,0.25051364302635193,0.02169792395475809,0.006726758313657175,0.17188714444637299,0.005094908884005898,0.04620679532785226,0.4033317267894745,0.014914800805607968,0.003223023261440234,0.059700027108192444,0.007028504153144456,0,normal,0.0005665402401749247,59,0.22135813534259796,0.012184034449379101
U0913,0.04220897839565908,0.29034069180488586,0.018768143196484743,0.006427985849555279,0.1695055365562439,0.004895706781574442,0.04807489778369467,0.4176695942878723,0.014859694603364915,0.0016072772543832613,0.0423506461083889,0.004899538032259443,0,normal,0.0005639022050166214,60,0.22996661718934774,0.010855770653420884
U0892,0.049430269682620064,0.2667088806629181,0.02353746343857394,0.0006795534485389205,0.026510346680879593,0.0032554600400645094,0.04437738896537083,0.4033317267894745,0.013973445826840977,0.0009398186591369123,0.025490015745162964,0.004682503544164583,0,normal,0.0005630642225111015,62,0.18051024246960878,0.011362218212411002
U0845,0.0394372699731693,0.26498568058013916,0.019542064426144045,0.010199749458461096,0.15927553176879883,0.008408653247490041,0.04490166357226397,0.4033317267894745,0.014617935762387412,0.0016240973321045525,0.04761970788240433,0.004478280879468379,0,normal,0.0005597667121030798,58,0.2188031617552042,0.011761733578872469
U0358,0.037356147804082,0.2476748377084732,0.019471731520013927,0.01137032805764039,0.19122688472270966,0.0076762377967952485,0.047454010675056904,0.4176695942878723,0.014667781708218778,0.0014222670730913906,0.03601626679301262,0.0050980822263814694,0,normal,0.0005582996685561367,60,0.22314689587801695,0.011728458312852356
U0681,0.018472440601382395,0.16417443752288818,0.014648485850403185,0.024443833136062902,0.2025938183069229,0.01570786336313531,0.061819124727629016,0.3938570022583008,0.02043422988529112,0.002774676523967778,0.0569559670984745,0.006342305001245392,0,normal,0.0005571494296375275,59,0.2043953062966466,0.014283221025018751
U0772,0.03138926311658952,0.2709025740623474,0.01508488428278584,0.008196335860026573,0.17355772852897644,0.006148225427321033,0.07062485394843976,0.5471530556678772,0.016804389061674602,0.0011247725949913166,0.028609704226255417,0.005118295459643788,0,normal,0.0005550128645505364,59,0.2550557656213641,0.010788948557856316
U0644,0.03306392368395657,0.2559649348258972,0.016816976200647395,0.022729618416541194,0.1978585571050644,0.014955856910893413,0.02339033310893108,0.38686245679855347,0.007871433222366466,0.0035483194115668057,0.05490845441818237,0.008413127721384734,0,normal,0.0005460572427608481,59,0.22389860078692436,0.012014348513823003
U0515,0.0407038043358268,0.3279867470264435,0.016295388150932264,0.00037790043693553286,0.01799268089234829,0.002757830178116341,0.0637675595662888,0.3938570022583008,0.02125921522483936,0.0005982398023939969,0.017153827473521233,0.004579312376104726,0,normal,0.0005447885404862531,58,0.18924756441265345,0.011222936482498173
U0921,0.03877559950436928,0.29200661182403564,0.017287804000631495,0.0003140431171482749,0.021661924198269844,0.0018874099571368048,0.0667922966212645,0.4176695942878723,0.020819366499150203,0.0014076899997532153,0.0344000868499279,0.005327475737662314,0,normal,0.0005422971294399833,59,0.19143455429002643,0.011330514048645204
U0994,0.00519856330066017,0.1170961782336235,0.005829437077299472,0.01673521151683362,0.16966655850410461,0.012951526492919396,0.11261951913415086,0.5471530556678772,0.027026564458882886,0.002216101703194278,0.04521067067980766,0.006436277213440227,0,normal,0.0005419145004278192,58,0.21978161577135324,0.013060951310635496
U0611,0.06380640886870977,0.4059491753578186,0.020291633692977484,0.0005041254343209732,0.020168812945485115,0.003226878740628081,9.901463625293934e-06,0.0011306075612083077,0.0011306075612083077,0.001503914964079474,0.03590495511889458,0.005407459398203211,0,normal,0.000540415639459598,60,0.11578838774585165,0.007514144848254271
U0045,0.041720645832868934,0.4395297169685364,0.012463751526748355,0.0062159934667923135,0.14556299149990082,0.005607193974193606,0.04395117537047469,0.3938570022583008,0.014652709041095885,0.0009926343073055224,0.030081674456596375,0.004332846238813302,0,normal,0.0005375077328676679,58,0.2522578462958336,0.009264125195212787
U0495,0.04718494582124103,0.23685136437416077,0.025935914396728342,0.017129095714473363,0.2447412610054016,0.0091117382822685,9.818604732392917e-06,0.0011306075612083077,0.0011306075612083077,0.002274697226668079,0.044001687318086624,0.006730204517163841,0,normal,0.0005365924891256505,59,0.13168123006471433,0.010727116189342249
U0487,0.046763310387481286,0.4438742697238922,0.013833474689829865,0.00736186635822126,0.15599757432937622,0.006196637446727249,0.023446705978558764,0.38686245679855347,0.007958134138507062,0.0016538441169002837,0.033321917057037354,0.006517043155845425,0,normal,0.0005259147234636349,58,0.2550140544772148,0.0086263223577274
U0087,0.04410111134137343,0.2919241786003113,0.019667694831261042,0.008312162295740578,0.17979513108730316,0.00601880234817299,0.026545339402198193,0.4176695942878723,0.008274264815184524,0.002095900916526638,0.04115010052919388,0.006630920807902556,0,normal,0.0005234033721802302,59,0.23263475112617016,0.010147920700630279
U0443,0.03606135756648402,0.26454591751098633,0.017598083867718137,0.0003231326282306325,0.01875615492463112,0.002224136188506994,0.06525062575476685,0.40104392170906067,0.02100473067063528,0.0026675005963294383,0.05080944672226906,0.006777732654096032,0,normal,0.0005196987955519364,60,0.1837888602167368,0.01190117084523911
U0442,0.0407678356306955,0.2751077115535736,0.019292516715846062,0.011117432587885084,0.20972289144992828,0.006901327897555918,0.024782625534172327,0.40251222252845764,0.008015714427929813,0.0027864846948808275,0.051507461816072464,0.007043045708341798,0,normal,0.0005153849029211106,59,0.234712571837008,0.010313151187418398
U0380,0.04371550231848568,0.2518306374549866,0.022410486423420178,0.009510553732401361,0.19389620423316956,0.006332291094346942,0.02248922363159098,0.3831886947154999,0.007576805700470383,0.0013154579474241083,0.030053025111556053,0.005650841808324003,0,normal,0.0005109208280135002,60,0.21474214037880301,0.010492606256640375
U0801,0.02921806022765979,0.19003824889659882,0.020016325471831003,0.012244757409141402,0.23657940328121185,0.006738251978874159,0.04234523460789828,0.38686245679855347,0.014250232561854488,0.006862823270611959,0.13244903087615967,0.006745715555217754,0,normal,0.0005073531723782975,59,0.23648228496313095,0.011937631391944351
U0586,0.02990103203702286,0.2374962419271469,0.016390923774266968,0.006789614427148537,0.15785884857177734,0.005599511945307521,0.06387639916557428,0.40251222252845764,0.020660239315228694,0.001167089118888793,0.02480374276638031,0.006125771535239745,0,normal,0.0005046249677969842,59,0.20566776394844055,0.012194111642510733
U0187,0.013783006267087238,0.14567303657531738,0.012214878604868317,0.006835680413388915,0.1764417290687561,0.005001552361560849,0.09871718483909754,0.5471530556678772,0.023292081859350826,0.0024623116553988693,0.043495628982782364,0.0073083911016340155,0,normal,0.0004882082635469388,60,0.22819086257368326,0.011954225981853504
U0316,0.02489149811562747,0.19023016095161438,0.016892581979240616,0.015785477990374955,0.1647460013628006,0.012369929641774509,0.043920879004088656,0.5471530556678772,0.010363025553912546,0.004283533396852406,0.06994903832674026,0.00790578107804644,0,normal,0.0004876950148074955,60,0.2430195640772581,0.011882829563243527
U0276,0.02580554248540407,0.33986496925354004,0.009969941118705436,0.010051340540794106,0.1728803962469101,0.0076342124412129685,0.05918743255140872,0.6369830369949341,0.012200781162266201,0.002393997569533756,0.04723682627081871,0.006654707903704276,0,normal,0.00048757296920742626,58,0.29924130719155073,0.00911491065647222
U0017,0.028982732871761598,0.2552521824836731,0.01478236304625571,0.011639143146314063,0.17279565334320068,0.00876924472144526,0.04873968549624747,0.4176695942878723,0.01519231148995459,0.0013871534073137037,0.027083275839686394,0.006668026147593283,0,normal,0.0004873270631428902,59,0.21820017648860812,0.011352986351312213
U0725,0.028279080060927126,0.18491128087043762,0.01991021109875523,0.020605350867930878,0.19858881831169128,0.013508253952462166,0.021138953331688547,0.3695208430290222,0.007447637570232658,0.005147419252317201,0.09511572867631912,0.0070454899115728106,0,normal,0.00048645373320962954,59,0.21203416772186756,0.011977898133255718
U0568,0.025827473197793483,0.22153130173683167,0.015178218981449297,0.007223710985035491,0.1547592133283615,0.006076840571595466,0.06480217549338514,0.5143892168998718,0.01640105270385995,0.0023730166234149645,0.0423639677464962,0.007292528683584829,0,normal,0.0004831164668877318,59,0.2332609249278903,0.011237160235122385
U0287,0.01621970470454786,0.1585572361946106,0.013206302806643559,0.015692625798095317,0.20514361560344696,0.009875565823404032,0.06403404161730934,0.4033317267894745,0.02049617889376047,0.004323900200596453,0.08239079266786575,0.006775188070298555,0,normal,0.0004786121145744854,60,0.21235584281384945,0.012588308898526654
U0531,0.021289011444004968,0.15170761942863464,0.018426128907369024,0.018725051539345,0.2466319501399994,0.009969185749657205,0.04758887956475894,0.4176695942878723,0.01496093109217954,0.0019253595004336084,0.05210411548614502,0.004852056034647391,0,normal,0.0004781584319756743,58,0.21702831983566284,0.01205207544596329
U0653,0.0026243699141648134,0.04763013869524002,0.007234844604132879,0.016877158174886824,0.21791256964206696,0.010169580581761406,0.09870394852589348,0.5471530556678772,0.023687089482274163,0.0030553808276868235,0.07115192711353302,0.005638514286076692,0,normal,0.00047727666776710106,58,0.2209619227796793,0.011682507238561285
U0942,0.04006630925937512,0.2638249397277832,0.019605948887378113,0.00987893293760177,0.15037758648395538,0.008481082773088625,0.02093025114157567,0.3695208430290222,0.007312398892827332,0.0008759247473872402,0.024705125018954277,0.004577244541444969,0,normal,0.0004741106703265436,60,0.20210712356492877,0.00999416877368476
U0481,0.018945818167460902,0.1510038822889328,0.01633425179190388,0.0003799312715213621,0.02235538698732853,0.0022125691009045084,0.09890560531349925,0.5471530556678772,0.02353347552806076,0.0009947748493963746,0.028456183150410652,0.004551160414925785,0,normal,0.0004720351326586181,59,0.1872421270236373,0.011657864208948734
U0699,0.020381192736511105,0.17705681920051575,0.015114818665227465,0.001618624175822095,0.05937175080180168,0.003579745650034934,0.08618562410597722,0.40251222252845764,0.02811523782819959,0.004009319868346454,0.056584395468235016,0.009303792781557949,0,normal,0.0004711827467908159,58,0.17388129699975252,0.014028398731254985
U0622,0.01105500896581106,0.18717573583126068,0.0077552455508523585,0.009513319293590705,0.20469312369823456,0.006102598849087497,0.09381108476293296,0.5143892168998718,0.023946845109157008,0.0020422925526674095,0.041465360671281815,0.006467233025479549,0,normal,0.0004680464584734889,58,0.23693085927516222,0.011067980633644104
U0924,0.030742184305751086,0.2546798586845398,0.015714990249366217,0.016458232711608074,0.2619846761226654,0.008178643976833173,0.023224421863819743,0.38686245679855347,0.0078155999308673,0.0018289123512919895,0.04239906370639801,0.0056157869179114025,0,normal,0.0004610898261496569,59,0.23648151382803917,0.009331255268744523
U0763,0.03349944631817598,0.19970683753490448,0.021838293012184155,0.0006770258965843954,0.03339838609099388,0.0026390875278223774,0.04561319402149088,0.40251222252845764,0.01475317201229854,0.0062311566917752645,0.09750238060951233,0.008320078943528396,0,normal,0.00045746554807911074,59,0.18327995669096708,0.011887657873958367
U0128,0.030846365275263132,0.1813369244337082,0.02196049506100432,0.00586583256306357,0.1491832733154297,0.005076143663986462,0.04220635186523639,0.38686245679855347,0.014084635250037536,0.0034774453891705825,0.06933878362178802,0.006474533383349505,0,normal,0.0004492324619427582,60,0.19668035954236984,0.011898951839594454
U0616,0.03630235754929163,0.3496205508708954,0.013634018544739147,0.009306650541175297,0.19402556121349335,0.0062982582129428736,0.02336940336202533,0.3882330060005188,0.0079038952023658,0.0006979582870528728,0.021830666810274124,0.004198058343992664,0,normal,0.0004455340248339425,58,0.23842744622379541,0.008008557576010121
U0034,0.012751930423774102,0.12943698465824127,0.012936105553155263,0.020269512478927856,0.18925927579402924,0.014062810756552703,0.056528582428512233,0.6217902898788452,0.011937411429745883,0.001012033625965253,0.030712498351931572,0.004326789824678348,0,normal,0.0004428265214042116,58,0.24279976217076182,0.01081577939103305
U0787,0.007796495264350355,0.139900803565979,0.007317541828748399,0.011419333509835332,0.1990995556116104,0.007531066275893456,0.09084219077880894,0.5143892168998718,0.0231889853683493,0.0010775472750551175,0.028685852885246277,0.004932357754577079,0,normal,0.0004415454886076783,58,0.22051885724067688,0.010742487806892059
U0012,0.033226040709679085,0.2641255855560303,0.016377292821107694,0.00802943243329007,0.15903973579406738,0.006572842057771673,0.026364031520511515,0.4176695942878723,0.00821775058481716,0.004318806706086583,0.06279389560222626,0.008954066894715116,0,normal,0.00044113152852752425,59,0.22590720281004906,0.01003048808960291
U0419,0.04226160208191524,0.21538046002388,0.025331682213133415,0.0006070390959879903,0.02576962299644947,0.003041115902991957,0.024743887002456416,0.4033317267894745,0.007920086280986045,0.0017607297596183042,0.04034355282783508,0.005634338540017817,0,normal,0.00043799448497201245,60,0.17120634065940976,0.010481805734282309
U0455,0.011680469922031528,0.1478704810142517,0.010372055524992997,0.013015379890960077,0.20232412219047546,0.008446857879789604,0.07108936128551924,0.5471530556678772,0.01706010840656557,0.0033492302893040724,0.06534378230571747,0.006730180999574228,0,normal,0.000437422982981354,58,0.24067286029458046,0.0106523007027306
U0963,0.022894999081637182,0.24350348114967346,0.012240790083461624,0.01034326878113402,0.18795816600322723,0.007164247913414258,0.04757642812178344,0.4176695942878723,0.014829720550027313,0.003265349353507504,0.05665411800146103,0.007503643006040906,0,normal,0.0004348407116410236,59,0.2264463398605585,0.010434600388236025
U0561,0.023387433128660887,0.2567414939403534,0.011961137916347885,0.0013320857695584597,0.045895133167505264,0.0038111106470818733,0.06929578115388726,0.532989501953125,0.017071596724141776,0.002512942815876579,0.056369371712207794,0.005853631983302029,0,normal,0.0004328856250042846,58,0.22299887519329786,0.00967436931771839
U0148,0.012717624860883247,0.16978241503238678,0.009751856401531398,0.023201785845888685,0.2244686484336853,0.01345673550923046,0.044053887276120175,0.5471530556678772,0.010482126618025162,0.001734995952708421,0.03873354569077492,0.005831566142756794,0,normal,0.0004310795994369638,59,0.24503441620618105,0.009880571167885955
U0279,0.024272977525006036,0.16695281863212585,0.018615057442253065,0.012864154082272894,0.17590923607349396,0.0093632727219741,0.0406604880143915,0.3831886947154999,0.01358610547155325,0.0009662507605256533,0.026999492198228836,0.004582150349427988,0,normal,0.00043083339178209563,61,0.18826256040483713,0.0115366464963021
U0444,0.01646662022628166,0.20211714506149292,0.010606578448068754,0.007528789804668617,0.16255035996437073,0.006029915565171178,0.07407698114571104,0.5471530556678772,0.01762578387200138,0.0010231838039246543,0.026264764368534088,0.005071706842561795,0,normal,0.00043045987044126345,59,0.23452133126556873,0.009833496181950776
U0335,0.020538219831052903,0.24180792272090912,0.011152655185814465,0.00789288439444847,0.17347580194473267,0.005974242419927711,0.06073095203589248,0.3831886947154999,0.02081054265426215,0.001600261279687277,0.03333837166428566,0.006302785342823775,0,normal,0.0004284384541687355,58,0.20795269776135683,0.011060056400707025
U0147,0.022688501153248726,0.162093847990036,0.017776384259097115,0.01074068478676713,0.1669042557477951,0.008172759441494705,0.046787181272036085,0.4176695942878723,0.014226503544411953,0.0021538361825380373,0.04499173164367676,0.006079727512741329,0,normal,0.000427757107318196,62,0.19791485741734505,0.011563843689436276
U0357,0.017101545617219688,0.18743658065795898,0.011778917636638653,0.016665867272270967,0.1906246393918991,0.01128686312561958,0.04505881067501006,0.4033317267894745,0.014422538715492313,0.0012750635213326215,0.030457526445388794,0.005404575223064967,0,normal,0.0004180935083463368,60,0.20296261832118034,0.010723223675203878
U0600,0.03676126500936037,0.21678565442562103,0.02226619002340942,0.005514316911027296,0.15367743372917175,0.004711591452789811,0.02128052822893639,0.3695208430290222,0.007561874529748256,0.0010065829210172447,0.024010801687836647,0.005504639722348343,0,normal,0.000417243190836169,58,0.1909986832179129,0.010011073932073958
U0818,0.018453587793766785,0.16728980839252472,0.014361021281837243,0.008845372338705741,0.1718776524066925,0.0066999367042272,0.049160248656464046,0.4176695942878723,0.015323402334430839,0.006039011706133562,0.12397870421409607,0.006341511329754528,0,normal,0.0004102741500874152,59,0.2202039398252964,0.010681467912562453
U0394,0.0119735513168342,0.17437250912189484,0.008939617915470615,0.0015634128433489529,0.049046002328395844,0.004149961379649324,0.09088906974272035,0.5143892168998718,0.023003493504740805,0.0023092914765373783,0.04678069427609444,0.006426671239493195,0,normal,0.00040966245617279765,59,0.19614710565656424,0.010629936009838485
U0085,0.02475799942291263,0.1815074384212494,0.017464501879715044,0.01652079257445516,0.2119569480419159,0.009979718781539946,0.0209111143073682,0.3695208430290222,0.0072455827116233405,0.002006044853784417,0.034290242940187454,0.007490402576966845,0,normal,0.00040948768240961237,61,0.19931886810809374,0.010545051487461293
U0614,0.010493550293840082,0.1388162076473236,0.00992586298437753,0.007575589450239483,0.18237444758415222,0.005454292751519931,0.07240400092149399,0.5471530556678772,0.01737559717028113,0.0061193224314830775,0.10306739062070847,0.0077959323036852456,0,normal,0.0004085756503892182,58,0.24285277538001537,0.01013792130246596
U0618,0.013975286330710088,0.1866302639245987,0.009748833173034654,0.00829300439657268,0.19218236207962036,0.005617878766115301,0.06844328542940623,0.4176695942878723,0.021333984843202692,0.0013343374407482824,0.031301677227020264,0.005549732592028751,0,normal,0.00040308971608789317,59,0.2069459743797779,0.010562607343595348
U0113,0.01368865646838689,0.17918750643730164,0.010030881545499769,0.008325898120074168,0.16348391771316528,0.0066871653052658075,0.06584261257795752,0.5143892168998718,0.01680742578524775,0.002353302493540789,0.04980619624257088,0.0062041227633965815,0,normal,0.00039937012975990884,58,0.2267167093232274,0.009932398849852477
U0466,0.02993169253215516,0.20517314970493317,0.01867866496390665,0.0009468690895939384,0.048434898257255554,0.0025030333147927843,0.04233401521919948,0.3938570022583008,0.01376214004732424,0.0018886932764339505,0.05080638453364372,0.004759685155410106,0,normal,0.00039928736835259144,61,0.1745678586885333,0.009925880870358445
U0093,0.018255160423632972,0.20762108266353607,0.01144690811185338,0.012857540304035358,0.19617408514022827,0.008532774188180249,0.04418569412320549,0.3938570022583008,0.014605522729945765,0.0014885287107943876,0.033988311886787415,0.00570166392692615,0,normal,0.00039909769051372037,59,0.20791012048721313,0.010071717239226386
U0748,0.01202718372490989,0.16760897636413574,0.009422207727320437,0.03682566766359218,0.2554953694343567,0.018925771802789062,9.735040619274184e-06,0.0011306075612083077,0.0011306075612083077,0.0010642655414688665,0.02339419163763523,0.005973487523329697,0,normal,0.00039356543672880445,58,0.11190728624933399,0.008863018653661877
U0467,0.01986099130945806,0.16178491711616516,0.0159822119123835,0.0007434724252309058,0.031033514067530632,0.0031189463485978165,0.06669473514973105,0.4033317267894745,0.021527974023799395,0.001999650738046586,0.04632382094860077,0.005619837625595287,0,normal,0.00039301729397140647,59,0.16061849473044276,0.011562242477594
U0865,0.027318631600238053,0.3106938898563385,0.01154548635537955,0.009582466780644849,0.20961743593215942,0.0060025518648672005,0.02316595979377316,0.38686245679855347,0.007862845026277777,0.0021646357716796467,0.05814666301012039,0.004888167040133277,0,normal,0.0003881865485030175,58,0.24133011139929295,0.007574762571664451
U0625,0.02710546202719338,0.18079183995723724,0.01935540952279856,0.00023303946336816924,0.011873561888933182,0.0025338028837419793,0.04401729857520124,0.40251222252845764,0.014117854049739737,0.002080677857125259,0.034805092960596085,0.007717673865136021,0,normal,0.0003804506384166758,60,0.15749567933380604,0.010931185080354074
U0320,0.008140740728921042,0.10395123809576035,0.010283010049055645,0.007371262181052785,0.1737571358680725,0.005570384996462571,0.06980458327683357,0.4176695942878723,0.021945075611664176,0.0052584488326499704,0.09593750536441803,0.007197061836952093,0,normal,0.00037953721866161106,58,0.1978288684040308,0.011248883123533622
U0930,0.021689941052014973,0.1655580997467041,0.016913454270373527,0.006655986355341902,0.1789565086364746,0.0048016367222847595,0.04194854613795588,0.38686245679855347,0.013998603184397022,0.000787089051714327,0.02211931347846985,0.004593847803698736,0,normal,0.0003732809083711022,60,0.1883740946650505,0.010076885495188512
U0525,0.00774098970147833,0.12655816972255707,0.008031419439244646,0.019008488287350238,0.22589066624641418,0.011049313513224442,0.04287840819992924,0.38686245679855347,0.014553520840528453,0.0018183098800541619,0.04496951028704643,0.00530928139220311,0,normal,0.0003653120434313546,58,0.1960702007636428,0.009735883796300162
U0412,0.014608115297612466,0.1542302519083023,0.012331008985248923,0.010578495089340023,0.21208758652210236,0.006493556638939111,0.044053887276120175,0.5471530556678772,0.010482126618025162,0.0026395599977026233,0.053176797926425934,0.006462243966718418,0,normal,0.0003650091241792299,59,0.24166192300617695,0.008942234052232904
U0179,0.030933021065406248,0.3240929841995239,0.012532528785543255,0.011396738614615163,0.18000131845474243,0.008313634069830595,9.735040619274184e-06,0.0011306075612083077,0.0011306075612083077,0.001175103147017974,0.029684489592909813,0.005197953698823871,0,normal,0.0003601941490914388,58,0.13372734995209612,0.006793681028851507
U0830,0.031200961976531244,0.2688404321670532,0.015109406083511358,0.009674840669023112,0.1651076376438141,0.007628702030915982,1.6960232417502162e-05,0.0019097510958090425,0.001156189512477209,0.0023550683889741702,0.05450544133782387,0.005625195967969236,0,normal,0.00035693204569074737,59,0.12259081556112505,0.007379873398718446
U0489,0.010727130971191485,0.1702456772327423,0.008273580425308496,0.010384313220274905,0.15173199772834778,0.008986417809469145,0.044636367206107155,0.3938570022583008,0.014881142445213708,0.0027809852583482943,0.060971248894929886,0.005989072894643523,0,normal,0.0003415388603410297,58,0.1942014815285802,0.009532553393658718
U0742,0.01074380361827352,0.13520033657550812,0.010258991346336187,0.007190452759631536,0.15119057893753052,0.006139823434644616,0.047420942729883606,0.4176695942878723,0.01465756058266076,0.0034328625350125487,0.075611412525177,0.00586129306141269,0,normal,0.0003327482733679534,60,0.194917980581522,0.009229417106263564
U0874,0.025331999443458927,0.1796778291463852,0.017905198219347267,0.010242568678348234,0.20943103730678558,0.0062111496924541695,1.0065135269191345e-05,0.0011306075612083077,0.0011306075612083077,0.0037990404514193104,0.06742573529481888,0.007155704238144038,0,normal,0.00033063511805741445,62,0.11441630232729949,0.008100664927788446
U0552,0.011749937518181793,0.19788868725299835,0.007730161793579912,0.0001379948172014304,0.009877465665340424,0.0018188263650960423,0.06420734965535112,0.3938570022583008,0.02122365447526829,0.0015662225564594301,0.038204316049814224,0.005337219195684218,0,normal,0.0003294030618277567,59,0.15995686780661345,0.009027465457407116
U0196,0.017918590528672375,0.16024921834468842,0.01468229441926614,0.0001026743902497291,0.00730893574655056,0.0018445651182665988,0.04185638601605703,0.38686245679855347,0.01420663246997343,0.0018630385387155954,0.04765337333083153,0.0051335074035705475,0,normal,0.00031689502738443536,58,0.150518496055156,0.00896674985276918
U0920,0.02575422676036815,0.18566621840000153,0.017907707748690882,0.00912019263048734,0.18675363063812256,0.0063046260557982825,9.901463625293934e-06,0.0011306075612083077,0.0011306075612083077,0.0011321661937985198,0.03171047940850258,0.004609265764832078,0,normal,0.0003160724872177796,60,0.10131523400195874,0.007488051782632388
U0365,0.02397687802626267,0.19759881496429443,0.01593288059602032,0.006512634376170893,0.17426007986068726,0.004907324667464042,9.735040619274184e-06,0.0011306075612083077,0.0011306075612083077,0.0013439610908161307,0.03411906957626343,0.0051722024934729785,0,normal,0.0002939478546030598,58,0.10177714299061336,0.0067857538295414115
U0405,0.00889439775162683,0.1635475903749466,0.007140989595286399,0.007615492190813872,0.15676456689834595,0.006378757227041425,0.025030049667446617,0.4033317267894745,0.008148643704018844,0.006085645768121633,0.10167865455150604,0.007858920252088269,0,normal,0.00028814957863896603,58,0.20633063465356827,0.007381827694608734
U0784,0.0028203987820471345,0.06620682775974274,0.005593630080819241,0.0005024591248460241,0.024335168302059174,0.0027111427594181336,0.06465362165466633,0.5143892168998718,0.01650391600761113,0.0027791430486677248,0.051295407116413116,0.007114074741609549,0,normal,0.0002880456348854115,58,0.1640566550195217,0.007980690897364513
U0534,0.015569086404340684,0.14235715568065643,0.014238289563008485,0.0011138864109407481,0.04405571520328522,0.0032916423698394685,0.024782625534172327,0.40251222252845764,0.008015714427929813,0.0005134543183159703,0.01697375252842903,0.003938201551365745,0,normal,0.0002706917977118118,59,0.15147471148520708,0.0073709619780358785
U0712,0.0058815558693244094,0.1206645667552948,0.006400272603906436,0.01934548169885377,0.17637382447719574,0.01440228560762409,2.031949660241311e-05,0.0021975035779178143,0.001214141648359083,0.0022189363868704067,0.04684852808713913,0.006219205460642398,0,normal,0.00026719900866150985,58,0.08652110572438687,0.007058976330133002
U0153,0.011040986331695637,0.15615002810955048,0.009205339275822398,0.00033670600725653206,0.017830759286880493,0.0024584140080721336,9.818604732392917e-06,0.0011306075612083077,0.0011306075612083077,0.0020092299739989795,0.04233985394239426,0.0061780908026005405,0,normal,0.00021241694759142673,59,0.05436281222500838,0.004743112911925845
